Region,Country,Name,Industry,Market Value(NOK),Market Value(USD),Incorporation Country
Oceania,Australia,Amcor Ltd/Australia,Corporate,345686721,56979606,
Oceania,Australia,Asciano Finance Ltd,Corporate,163999012,27031987,
Oceania,Australia,Australia & New Zealand Banking Group Ltd,Corporate,448417785,73912786,
Oceania,Australia,BHP Billiton Finance Ltd,Corporate,496614674,81857088,
Oceania,Australia,BHP Billiton Finance USA Ltd,Corporate,677649152,111697034,
Oceania,Australia,Commonwealth Bank of Australia,Corporate/Securitized,2875089478,473901527,
Oceania,Australia,FBG Finance Pty Ltd,Corporate,88917435,14656277,
Oceania,Australia,Government of Australia,Government,14030948721,2312723855,
Oceania,Australia,Insurance Australia Group Ltd,Corporate,40865927,6735938,
Oceania,Australia,National Australia Bank Ltd,Corporate/Securitized,4091658766,674428866,
Oceania,Australia,New South Wales Treasury Corp,Government Related,3159804859,520831215,
Oceania,Australia,Northern Territory Treasury Corp,Government Related,376634964,62080810,
Oceania,Australia,QBE Insurance Group Ltd,Corporate,54330867,8955367,
Oceania,Australia,Queensland Treasury Corp,Government Related,6845058897,1128272315,
Oceania,Australia,South Australian Government Financing Authority,Government Related,619409095,102097315,
Oceania,Australia,SPI Electricity & Gas Australia Holdings Pty Ltd,Corporate,123681477,20386441,
Oceania,Australia,Suncorp Insurance Funding 2007 Ltd,Corporate,51417751,8475197,
Oceania,Australia,Tasmanian Public Finance,Government Related,371829439,61288715,
Oceania,Australia,Telstra Corp Ltd,Corporate,1394211755,229808180,
Oceania,Australia,Treasury Corp of Victoria,Government Related,2353561621,387937994,
Oceania,Australia,Wesfarmers Ltd,Corporate,209758439,34574522,
Oceania,Australia,Western Australian Treasury Corp,Government Related,3069097806,505879955,
Oceania,Australia,Westpac Banking Corp,Corporate/Securitized,1760502743,290183991,
Oceania,Australia,Woodside Finance Ltd,Corporate,110212456,18166339,
Oceania,Australia,Woolworths Ltd,Corporate,8087451,1333056,
Europe,Austria,Autobahnen- Und Schnellstrasen-Finanzierungs-AG,Government Related,546411508,90065109,
Europe,Austria,Erste Group Bank AG,Securitized,167308453,27577483,
Europe,Austria,Government of Austria,Government,6900835272,1137465946,
Europe,Austria,Hypo Alpe-Adria-Bank International AG,Government Related,1701156293,280401904,
Europe,Austria,KIG - Krankenanstalten Immobiliengesellschaft mbH,Government Related,94044257,15501332,
Europe,Austria,Kommunalkredit Austria AG,Securitized,217339745,35824150,
Europe,Austria,OeBB Infrastruktur AG,Government Related,649792405,107105401,
Europe,Austria,Oesterreichische Kontrollbank AG,Government Related,1676430595,276326363,
Europe,Austria,Telekom Finanzmanagement GmbH,Corporate,75015382,12364799,
Europe,Austria,VERBUND International Finance GmbH,Government Related,151318747,24941897,
Latin America,Barbados,Voto-Votorantim Overseas Trading Operations V Ltd,Corporate,33973833,5599913,
Europe,Belgium,Anheuser-Busch InBev Finance Inc,Corporate,114541579,18879909,
Europe,Belgium,Anheuser-Busch InBev NV,Corporate,392014687,64615853,
Europe,Belgium,BNP Paribas Fortis SA,Corporate,288066023,47481975,
Europe,Belgium,Elia System Operator SA/NV,Corporate,199744303,32923890,
Europe,Belgium,Flemish Community,Government Related,229410270,37813737,
Europe,Belgium,Government of Belgium,Government,11414457735,1881447165,
Europe,Belgium,KBC Bank NV,Securitized,1223437559,201659438,
North America,Bermuda,Allied World Assurance Co Ltd,Corporate,104701151,17257910,
North America,Bermuda,Holcim GB Finance Ltd,Corporate,63131021,10405898,
North America,Bermuda,Qtel International Finance Ltd,Government Related,50839229,8379839,
North America,Bermuda,Weatherford International Ltd/Bermuda,Corporate,217833726,35905573,
Latin America,Brazil,Centrais Eletricas Brasileiras SA,Government Related,176556710,29101875,
Latin America,Brazil,Embraer Overseas Ltd,Corporate,48434782,7983514,
Latin America,Brazil,Government of Brazil,Government,30923533629,5097131729,
Latin America,Brazil,GTL Trade Finance Inc,Corporate,20686695,3409792,
Latin America,Brazil,Petrobras Global Finance BV,Government Related,324366532,53465395,
Latin America,Brazil,Petrobras International Finance Co,Government Related,799401951,131765570,
Latin America,Brazil,Telemar Norte Leste SA,Corporate,28953032,4772334,
Latin America,Brazil,Vale SA,Corporate,37522578,6184853,
Latin America,British Virgin Islands,CNOOC Finance 2003 Ltd,Government Related,62182246,10249511,
Latin America,British Virgin Islands,PCCW-HKT Capital No 3 Ltd,Corporate,32696692,5389402,
Latin America,British Virgin Islands,Sinopec Capital 2013 Ltd,Government Related,1157663356,190817864,
North America,Canada,407 International Inc,Corporate,80242897,13226451,
North America,Canada,Agrium Inc,Corporate,72591444,11965261,
North America,Canada,Alimentation Couche Tard Inc,Corporate,351543020,57944901,
North America,Canada,AltaGas Ltd,Corporate,80912224,13336777,
North America,Canada,Bank of Montreal,Corporate/Securitized,2330418756,384123352,
North America,Canada,Bank of Nova Scotia,Corporate/Securitized,4045920178,666889766,
North America,Canada,Bell Aliant Regional Communications LP,Corporate,269943629,44494858,
North America,Canada,Bell Canada,Corporate,842878088,138931750,
North America,Canada,Brookfield Renewable Energy Partners ULC,Corporate,18395059,3032061,
North America,Canada,Burlington Resources Finance Co,Corporate,55201625,9098894,
North America,Canada,Caisse Centrale Desjardins,Securitized,2266749203,373628687,
North America,Canada,Canada Housing Trust No 1,Government Related,6883656439,1134634355,
North America,Canada,Canadian Imperial Bank of Commerce/Canada,Corporate/Securitized,3126823885,515394955,
North America,Canada,Canadian National Railway Co,Corporate,126516813,20853789,
North America,Canada,Canadian Natural Resources Ltd,Corporate,532870511,87833144,
North America,Canada,Canadian Pacific Railway Co,Corporate,316931357,52239854,
North America,Canada,Capital Desjardins Inc,Corporate,18975819,3127788,
North America,Canada,CDP Financial Inc,Government Related,378344054,62362520,
North America,Canada,Cenovus Energy Inc,Corporate,332851955,54864049,
North America,Canada,City of Toronto Canada,Government Related,231848398,38215614,
North America,Canada,Daimler Canada Finance Inc,Corporate,286419851,47210637,
North America,Canada,Dollarama Inc,Corporate,85211934,14045499,
North America,Canada,Enbridge Inc,Corporate,567792288,93589307,
North America,Canada,Enbridge Pipelines Inc,Corporate,129644742,21369367,
North America,Canada,Encana Corp,Corporate,147267088,24274061,
North America,Canada,EPCOR Utilities Inc,Corporate,19658241,3240271,
North America,Canada,Export Development Canada,Government Related,160514132,26457574,
North America,Canada,Glencore Canada Corp,Corporate,40509231,6677144,
North America,Canada,Government of Canada,Government,24072484713,3967872077,
North America,Canada,Greater Toronto Airports Authority,Corporate,131961296,21751205,
North America,Canada,Husky Energy Inc,Corporate,289386261,47699591,
North America,Canada,Hydro-Quebec,Government Related,413388283,68138867,
North America,Canada,Loblaw Cos Ltd,Corporate,117702110,19400860,
North America,Canada,Manulife Financial Corp,Corporate,30021149,4948392,
North America,Canada,Metro Inc,Corporate,18248929,3007974,
North America,Canada,Municipal Finance Authority of British Columbia,Government Related,840465464,138534077,
North America,Canada,National Bank of Canada,Securitized,1101714176,181595750,
North America,Canada,NAV Canada,Corporate,208197443,34317223,
North America,Canada,Nexen Energy ULC,Government Related,266902156,43993531,
North America,Canada,Ontario Electricity Financial Corp,Government Related,250533678,41295512,
North America,Canada,Petro-Canada,Corporate,223624230,36860023,
North America,Canada,Province of Alberta Canada,Government Related,424133239,69909960,
North America,Canada,Province of British Columbia,Government Related,534881225,88164571,
North America,Canada,Province of Manitoba Canada,Government Related,252733485,41658107,
North America,Canada,Province of New Brunswick Canada,Government Related,517358036,85276220,
North America,Canada,Province of Ontario Canada,Government Related,7771132746,1280917238,
North America,Canada,Province of Quebec Canada,Government Related,4520004136,745033112,
North America,Canada,Regional Municipality of Peel Ontario,Government Related,84763388,13971565,
North America,Canada,Regional Municipality of York,Government Related,51976774,8567341,
North America,Canada,Rogers Communications Inc,Corporate,857887977,141405833,
North America,Canada,Royal Bank of Canada,Corporate/Securitized,4837472448,797361472,
North America,Canada,RONA Inc,Corporate,23965068,3950167,
North America,Canada,Shaw Communications Inc,Corporate,152196590,25086592,
North America,Canada,Shoppers Drug Mart Corp,Corporate,118443643,19523087,
North America,Canada,Sobeys Inc,Corporate,116252540,19161927,
North America,Canada,Suncor Energy Inc,Corporate,496628109,81859303,
North America,Canada,Sun Life Financial Inc,Corporate,60744928,10012598,
North America,Canada,Teck Resources Ltd,Corporate,455948829,75154129,
North America,Canada,TELUS Corp,Corporate,394225265,64980223,
North America,Canada,Thomson Reuters Corp,Corporate,769108052,126772222,
North America,Canada,Tim Hortons Inc,Corporate,141026646,23245448,
North America,Canada,Toronto-Dominion Bank/The,Securitized,3675414200,605819198,
North America,Canada,TransAlta Corp,Corporate,63973717,10544800,
North America,Canada,TransCanada PipeLines Ltd,Corporate,865878864,142722972,
North America,Canada,Union Gas Ltd,Corporate,178575989,29434713,
North America,Canada,Vale Canada Ltd,Corporate,55698452,9180786,
North America,Canada,Wells Fargo Canada Corp,Corporate,11880063,1958193,
North America,Canada,Xstrata Finance Canada Ltd,Corporate,755884424,124592568,
North America,Canada,YPG Financing Inc,Corporate,18818231,3101813,
Latin America,Cayman Islands,ABSC NIMs Trust,Securitized,19794,3263,
Latin America,Cayman Islands,Dubai Electricity & Water Authority,Government Related,152176821,25083333,
Latin America,Cayman Islands,Hongkong Land Finance Cayman Island Co Ltd/The,Corporate,29291407,4828108,
Latin America,Cayman Islands,IPIC GMTN Ltd,Government Related,257482331,42440860,
Latin America,Cayman Islands,Mastr Alternative NIM,Securitized,3509,578,
Latin America,Cayman Islands,Sharp SP I LLC Net Interest Margin Trust,Securitized,23231,3829,
Latin America,Cayman Islands,Transocean Inc,Corporate,195228880,32179612,
Latin America,Cayman Islands,Vale Overseas Ltd,Corporate,364456302,60073399,
Latin America,Cayman Islands,Want Want China Finance Ltd,Corporate,434760739,71661692,
Latin America,Cayman Islands,Yorkshire Water Services Bradford Finance Ltd,Corporate,117317859,19337524,
Latin America,Chile,Banco Central de Chile,Government,1073931785,177016373,
Latin America,Chile,Banco del Estado de Chile,Government Related,31128550,5130925,
Latin America,Chile,Celulosa Arauco y Constitucion SA,Corporate,32290733,5322488,
Latin America,Chile,Corp Nacional del Cobre de Chile,Government Related,287233895,47344816,
Latin America,Chile,ENTEL Chile SA,Corporate,238945993,39385512,
Latin America,Chile,Government of Chile,Government,1755984054,289439174,
Asia,China,Agricultural Development Bank of China,Government Related,170951414,28177953,
Asia,China,Baidu Inc,Corporate,715217041,117889356,
Asia,China,China Development Bank Corp,Government Related,558334456,92030371,
Asia,China,China Petroleum & Chemical Corp,Corporate,52867704,8714193,
Asia,China,CNOOC Curtis Funding No 1 Pty Ltd,Government Related,170641325,28126841,
Asia,China,CNOOC Finance 2013 Ltd,Government Related,460069684,75833371,
Asia,China,Export-Import Bank of China/The,Government Related,269694051,44453720,
Asia,China,Government of China,Government,8450974990,1392975760,
Asia,China,Sinopec Group Overseas Development 2013 Ltd,Government Related,552355419,91044845,
Asia,China,State Grid Overseas Investment 2013 Ltd,Government Related,403403237,66493030,
Latin America,Colombia,Ecopetrol SA,Government Related,441027487,72694642,
Latin America,Colombia,Government of Colombia,Government,2506905316,413213664,
Europe,Croatia,Government of Croatia,Government,180031640,29674648,
Europe,Czech Republic,Ceske Drahy AS,Government Related,137269180,22626104,
Europe,Czech Republic,CEZ AS,Government Related,414107276,68257378,
Europe,Czech Republic,Government of the Czech Republic,Government,6022981964,992769224,
Europe,Denmark,Carlsberg Breweries A/S,Corporate,35347433,5826324,
Europe,Denmark,Danske Bank A/S,Corporate,63045917,10391870,
Europe,Denmark,DONG Energy A/S,Government Related,189255007,31194938,
Europe,Denmark,Government of Denmark,Government,8818502532,1453555392,
Europe,Denmark,Kommunekredit,Government Related,948511743,156343365,
Europe,Denmark,Nordea Kredit Realkreditaktieselskab,Securitized,712531204,117446649,
Europe,Denmark,Nykredit Realkredit A/S,Corporate/Securitized,490592302,80864419,
Europe,Denmark,Realkredit Danmark A/S,Corporate/Securitized,211217746,34815060,
Europe,Denmark,TDC A/S,Corporate,271543124,44758503,
Africa,Egypt,Government of Egypt,Government Related,164895558,27179765,
Europe,Estonia,Eesti Energia AS,Government Related,96654266,15931540,
Europe,Finland,Aktia Hypoteksbank Abp,Securitized,355027585,58519262,
Europe,Finland,Elisa OYJ,Corporate,297288851,49002176,
Europe,Finland,Finnvera OYJ,Government Related,268029186,44179300,
Europe,Finland,Fortum OYJ,Government Related,34834344,5741751,
Europe,Finland,Government of Finland,Government,12292085887,2026106775,
Europe,Finland,Metso OYJ,Corporate,40109341,6611230,
Europe,Finland,Municipality Finance PLC,Government Related,2018992435,332790894,
Europe,Finland,Nordea Bank Finland Abp,Securitized,1295846175,213594563,
Europe,Finland,OP Mortgage Bank,Securitized,281331434,46371912,
Europe,Finland,Pohjola Bank PLC,Corporate,123075448,20286549,
Europe,Finland,Teollisuuden Voima Oyj,Corporate,114737443,18912194,
Europe,France,Agence Francaise de Developpement,Government Related,4383731602,722571285,
Europe,France,Akerys Holdings SA,Corporate,1939,320,
Europe,France,Alstom SA,Corporate,112863218,18603265,
Europe,France,Areva SA,Government Related,172548243,28441159,
Europe,France,Autoroutes du Sud de la France SA,Corporate,675670487,111370891,
Europe,France,AXA SA,Corporate,519195811,85579141,
Europe,France,Banques Populaires Covered Bond SA,Securitized,159009471,26209560,
Europe,France,BNP Paribas Home Loan SFH,Securitized,2763913745,455576410,
Europe,France,BNP Paribas SA,Corporate,392523456,64699713,
Europe,France,Bouygues SA,Corporate,106811194,17605709,
Europe,France,Bpifrance Financement SA,Government Related,413188026,68105858,
Europe,France,BPCE SFH SA,Securitized,914305055,150705070,
Europe,France,Caisse Centrale du Credit Immobilier de France SA,Corporate,66538266,10967515,
Europe,France,Caisse des Depots et Consignations,Government Related,381585829,62896862,
Europe,France,Caisse de Refinancement de l'Habitat SA,Securitized,8891897666,1465653126,
Europe,France,Caisse d'Amortissement de la Dette Sociale,Government Related,1394199869,229806221,
Europe,France,Caisse Francaise de Financement Local,Securitized,3054687076,503504632,
Europe,France,Caisse Nationale des Autoroutes,Government Related,452726391,74622974,
Europe,France,Carrefour SA,Corporate,187035949,30829170,
Europe,France,Casino Guichard Perrachon SA,Corporate,167322734,27579837,
Europe,France,Cie de Financement Foncier SA,Securitized,1619605409,266959857,
Europe,France,Cie de St-Gobain,Corporate,298034481,49125078,
Europe,France,Ciments Francais SA,Corporate,54912746,9051278,
Europe,France,CIF Euromortgage SA,Securitized,1132932921,186741541,
Europe,France,CNP Assurances,Corporate,39854911,6569292,
Europe,France,Credit Agricole Home Loan SFH,Securitized,2546852069,419798094,
Europe,France,Credit Agricole SA,Corporate,704106950,116058078,
Europe,France,Credit Logement SA,Corporate,76522327,12613189,
Europe,France,Credit Mutuel - CIC Home Loan SFH,Securitized,433749023,71494931,
Europe,France,Dexia Credit Local SA,Corporate,2241012306,369386470,
Europe,France,Electricite de France,Government Related,1551988990,255814630,
Europe,France,Eurofins Scientific SE,Corporate,208496208,34366468,
Europe,France,GCE Covered Bonds SA,Securitized,439093149,72375804,
Europe,France,GDF Suez,Corporate,514803508,84855157,
Europe,France,GIE PSA Tresorerie,Corporate,42350055,6980567,
Europe,France,Government of France,Government,31369947082,5170714140,
Europe,France,Groupama SA,Corporate,1154271041,190258708,
Europe,France,HSBC France SA,Corporate,131395914,21658013,
Europe,France,HSBC SFH France SA,Securitized,278625314,45925862,
Europe,France,Imerys SA,Corporate,87522612,14426368,
Europe,France,LaSer Cofinoga,Corporate,62952210,10376424,
Europe,France,La Mondiale ASSM,Corporate,129990498,21426358,
Europe,France,La Poste SA,Government Related,245828854,40520015,
Europe,France,Legrand SA,Corporate,172569819,28444715,
Europe,France,LVMH Moet Hennessy Louis Vuitton SA,Corporate,211550924,34869978,
Europe,France,Natixis,Government Related,119745395,19737655,
Europe,France,Orange SA,Corporate,1174709012,193627502,
Europe,France,Pernod Ricard SA,Corporate,188105495,31005463,
Europe,France,RCI Banque SA,Corporate,53936548,8890371,
Europe,France,Regie Autonome des Transports Parisiens,Government Related,117725096,19404649,
Europe,France,Reseau Ferre de France,Government Related,218318604,35985496,
Europe,France,RTE Reseau de Transport d'Electricite SA,Government Related,119354673,19673253,
Europe,France,Sanofi,Corporate,1142587661,188332934,
Europe,France,Schneider Electric SA,Corporate,445734279,73470463,
Europe,France,Societe de Financement de l'Economie Francaise,Government Related,420564255,69321683,
Europe,France,Societe Generale SA,Corporate,220001215,36262841,
Europe,France,Societe Nationale des Chemins de Fer Francais,Government Related,282258020,46524641,
Europe,France,Suez Environnement Co,Corporate,486380792,80170235,
Europe,France,Technicolor SA,Corporate,16720,2756,
Europe,France,Total Capital Canada Ltd,Corporate,181188206,29865285,
Europe,France,Total Capital International SA,Corporate,962924545,158719030,
Europe,France,Total Capital SA,Corporate,503526318,82996336,
Europe,France,Transport et Infrastructures Gaz France SA,Corporate,176180048,29039790,
Europe,France,Veolia Environnement SA,Corporate,419301822,69113596,
Europe,France,Vivendi SA,Corporate,457714303,75445133,
Europe,Germany,Allianz Finance II BV,Corporate,316765362,52212493,
Europe,Germany,Bayerische Landesbank,Securitized,101473875,16725957,
Europe,Germany,Bayerische Landesbodenkreditanstalt,Government Related,434662630,71645521,
Europe,Germany,Bayer AG,Corporate,46867807,7725229,
Europe,Germany,Bayer Capital Corp BV,Corporate,34841184,5742879,
Europe,Germany,BASF Finance Europe NV,Corporate,95989201,15821918,
Europe,Germany,BASF SE,Corporate,423709869,69840176,
Europe,Germany,Bertelsmann SE & Co KGaA,Corporate,167496075,27608409,
Europe,Germany,Bremer Landesbank Kreditanstalt Oldenburg - Girozentrale,Government Related,87779488,14468709,
Europe,Germany,Commerzbank AG,Corporate,62738621,10341218,
Europe,Germany,Daimler AG,Corporate,329786826,54358823,
Europe,Germany,Deutsche Bank AG,Corporate,294052395,48468710,
Europe,Germany,Deutsche Pfandbriefbank AG,Securitized,354283961,58396690,
Europe,Germany,Deutsche Postbank Funding Trust IV,Corporate,114418480,18859619,
Europe,Germany,Dexia Kommunalbank Deutschland AG,Securitized,423881079,69868396,
Europe,Germany,Erste Abwicklungsanstalt,Government Related,1739463948,286716162,
Europe,Germany,Eurogrid GmbH,Corporate,41336755,6813545,
Europe,Germany,EWE AG,Government Related,147399176,24295833,
Europe,Germany,FMS Wertmanagement AoeR,Government Related,9625143482,1586514168,
Europe,Germany,Gemeinsame Deutsche Bundeslaender,Government Related,450577246,74268730,
Europe,Germany,Government of Germany,Government,97534002632,16076547571,
Europe,Germany,Henkel AG & Co KGaA,Corporate,43668031,7197810,
Europe,Germany,HSH Finanzfonds AoeR,Government Related,112309968,18512073,
Europe,Germany,HSH Nordbank AG,Government Related,1945071936,320606565,
Europe,Germany,Hypothekenbank Frankfurt AG,Securitized,3072369772,506419274,
Europe,Germany,IKB Deutsche Industriebank AG,Corporate,125397,20669,
Europe,Germany,Kreditanstalt fur Wiederaufbau,Government Related,31742201070,5232072834,
Europe,Germany,Landesbank Berlin AG,Government Related,317691186,52365097,
Europe,Germany,Landeskreditbank Baden-Wuerttemberg Foerderbank,Government Related,624591813,102951583,
Europe,Germany,Landwirtschaftliche Rentenbank,Government Related,1499471197,247158113,
Europe,Germany,Land Thueringen,Government Related,692654166,114170314,
Europe,Germany,LBBW,Corporate/Securitized,289113537,47654637,
Europe,Germany,Linde AG,Corporate,486551354,80198349,
Europe,Germany,MAN SE,Corporate,49888948,8223204,
Europe,Germany,Merck Financial Services GmbH,Corporate,211147526,34803485,
Europe,Germany,Metro AG,Corporate,190628906,31421398,
Europe,Germany,Muenchener Hypothekenbank eG,Securitized,1530148525,252214662,
Europe,Germany,Muenchener Rueckversicherungs AG,Corporate,229515062,37831010,
Europe,Germany,Norddeutsche Landesbank Girozentrale,Corporate/Securitized,1468056949,241980097,
Europe,Germany,NRW Bank,Government Related,1531591710,252452543,
Europe,Germany,Portigon AG,Government Related,134463432,22163632,
Europe,Germany,Rheinland-Pfalz Bank,Government Related,34663102,5713526,
Europe,Germany,SAP AG,Corporate,419518383,69149292,
Europe,Germany,State of Berlin,Government Related,744232739,122672019,
Europe,Germany,State of Hesse,Government Related,258227027,42563608,
Europe,Germany,State of Lower Saxony,Government Related,220117161,36281952,
Europe,Germany,State of North Rhine-Westphalia,Government Related,7436839523,1225815625,
Europe,Germany,State of Rhineland-Palatinate,Government Related,87241843,14380089,
Europe,Germany,Vier Gas Transport GmbH,Corporate,342111749,56390342,
Europe,Germany,Volkswagen AG,Corporate,1215341108,200324898,
Europe,Germany,Volkswagen Financial Services AG,Corporate,223095118,36772809,
Europe,Greece,Government of Greece,Government,97634949,16093187,
Asia,Hong Kong,Hong Kong Special Administrative Region,Government,3638519227,599737793,
Asia,Hong Kong,Hutchison Whampoa Ltd,Corporate,653470947,107711736,
Asia,Hong Kong,Kerry Properties Ltd,Corporate,33897415,5587317,
Europe,Hungary,Government of Hungary,Government,1935893761,319093724,
Europe,Hungary,Maexim Secured Funding Ltd,Government Related,295058588,48634561,
Europe,Iceland,Glitnir HF,Corporate,74104721,12214695,
Europe,Iceland,Kaupthing Bank Hf,Corporate,18542636,3056386,
Europe,Iceland,LBI HF,Corporate,6958399,1146954,
Asia,India,Bharti Airtel International Netherlands BV,Corporate,346053664,57040089,
Asia,India,Government of India,Government,12150200269,2002719742,
Asia,India,Indian Oil Corp Ltd,Government Related,25345946,4177777,
Asia,India,Reliance Holdings USA Inc,Corporate,249876394,41187172,
Asia,India,State Bank of India,Government Related,63605644,10484130,
Asia,Indonesia,Government of Indonesia,Government,8915254020,1469502958,
Asia,Indonesia,Indonesia Retail Bond,Government,81522779,13437415,
Asia,Indonesia,Majapahit Holding BV,Government Related,18977775,3128110,
International,International Organisations,African Development Bank,Government Related,1003261763,165367821,
International,International Organisations,Asian Development Bank,Government Related,617465667,101776979,
International,International Organisations,Corp Andina de Fomento,Government Related,913374893,150551751,
International,International Organisations,Council Of Europe Development Bank,Government Related,1506283944,248281059,
International,International Organisations,European Commission,Government Related,3133330022,516467363,
International,International Organisations,European Financial Stability Facility,Government Related,10467081651,1725290991,
International,International Organisations,European Investment Bank,Government Related,21029813117,3466347959,
International,International Organisations,European Stability Mechanism,Government Related,2385545303,393209871,
International,International Organisations,EUROFIMA,Government Related,1607875365,265026392,
International,International Organisations,International Bank for Reconstruction & Development,Government Related,1704693330,280984915,
International,International Organisations,International Finance Corp,Government Related,658966980,108617648,
International,International Organisations,International Finance Facility for Immunisation,Government Related,28189884,4646544,
International,International Organisations,Inter-American Development Bank,Government Related,974947065,160700704,
International,International Organisations,Nordic Investment Bank,Government Related,1115958037,183943568,
International,International Organisations,North American Development Bank,Government Related,709939344,117019432,
Europe,Ireland,Allied Irish Banks PLC,Government Related,398368993,65663234,
Europe,Ireland,Bank of Ireland,Government Related,516110187,85070537,
Europe,Ireland,Bank of Ireland Mortgage Bank,Securitized,407660731,67194793,
Europe,Ireland,Depfa ACS Bank,Securitized,749056159,123467064,
Europe,Ireland,EBS Ltd,Government Related,221123844,36447884,
Europe,Ireland,GE Capital European Funding,Corporate,1487796831,245233825,
Europe,Ireland,GE Capital UK Funding,Corporate,1556633349,256580161,
Europe,Ireland,Lambay Capital Securities PLC,Corporate,251206,41406,
Europe,Ireland,Permanent TSB PLC,Government Related,445135694,73371798,
Europe,Ireland,Saphir Finance PLC,Corporate,50241,8281,
Europe,Isle of Man,Sasol Financing International PLC,Corporate,340253822,56084100,
Middle East,Israel,Government of Israel,Government,6494625803,1070510364,
Middle East,Israel,Teva Pharmaceutical Industries Ltd,Corporate,1199805328,197764133,
Europe,Italy,ACEA SpA,Government Related,37482520,6178251,
Europe,Italy,Assicurazioni Generali SpA,Corporate,446901132,73662796,
Europe,Italy,Atlantia SpA,Corporate,179912204,29654962,
Europe,Italy,Banca Carige SpA,Corporate/Securitized,388103308,63971140,
Europe,Italy,Banca Monte dei Paschi di Siena SpA,Securitized,551817072,90956109,
Europe,Italy,Banca Popolare di Milano Scarl,Securitized,86060274,14185331,
Europe,Italy,Banco Popolare SC,Securitized,137387460,22645600,
Europe,Italy,City of Rome Italy,Government Related,40106057,6610689,
Europe,Italy,Edison SpA,Government Related,44097731,7268637,
Europe,Italy,Enel SpA,Corporate,190347009,31374932,
Europe,Italy,Eni SpA,Corporate,337536528,55636208,
Europe,Italy,Fiat Finance North America Inc,Corporate,365535,60251,
Europe,Italy,Government of Italy,Government,35336269423,5824483780,
Europe,Italy,Gtech Spa,Corporate,50394963,8306611,
Europe,Italy,Hera SpA,Government Related,137386263,22645403,
Europe,Italy,Intesa Sanpaolo SpA,Securitized,663948727,109438791,
Europe,Italy,Italy Government International Bond,Government Related,137414418,22650044,
Europe,Italy,Luxottica Group SpA,Corporate,83495257,13762539,
Europe,Italy,Prada SpA,Corporate,425152717,70078000,
Europe,Italy,Region of Lombardy Italy,Government Related,72225174,11904889,
Europe,Italy,Telecom Italia SpA,Corporate,860773883,141881517,
Europe,Italy,UniCredit SpA,Securitized,2854366141,470485695,
Europe,Italy,Unione di Banche Italiane SCPA,Securitized,1340377738,220934709,
Europe,Italy,Unipol Assicurazioni SpA,Corporate,72855449,12008777,
Asia,Japan,American Honda Finance Corp,Corporate,240845901,39698674,
Asia,Japan,Bank of Tokyo-Mitsubishi UFJ Ltd/The,Corporate,31762392,5235401,
Asia,Japan,Dai-ichi Life Insurance Co Ltd/The,Corporate,18584635,3063309,
Asia,Japan,Development Bank of Japan Inc,Government Related,1088617129,179436961,
Asia,Japan,Government of Japan,Government,139474743423,22989647580,
Asia,Japan,Japan Bank for International Cooperation/Japan,Government Related,3470040785,571967460,
Asia,Japan,Japan Finance Organization for Municipalities,Government Related,375939312,61966146,
Asia,Japan,Nippon Telegraph & Telephone Corp,Corporate,150877704,24869200,
Asia,Japan,Sumitomo Mitsui Banking Corp,Corporate,173733868,28636585,
Europe,Jersey C.I.,Heathrow Funding Ltd,Corporate,383802762,63262280,
Middle East,Jordan,Hashemite Kingdom of Jordan Government AID Bond,Government Related,1786550821,294477500,
Europe,Lithuania,Government of Lithuania,Government,544455348,89742675,
Europe,Luxembourg,Ciba Specialty Chemicals Finance Luxembourg SA,Corporate,58587143,9656930,
Europe,Luxembourg,Erste Europaeische Pfandbrief und Kommunalkreditbank AG in Luxembourg,Securitized,45835281,7555038,
Europe,Luxembourg,Glencore Finance Europe SA,Corporate,187023246,30827076,
Europe,Luxembourg,Government of Luxembourg,Government,284516236,46896863,
Europe,Luxembourg,Hannover Finance Luxembourg SA,Corporate,160687444,26486141,
Europe,Luxembourg,Holcim US Finance Sarl & Cie SCS,Corporate,34164192,5631290,
Europe,Luxembourg,Hypothekenbank Frankfurt International SA,Securitized,563673989,92910487,
Europe,Luxembourg,ITW Finance Europe SA,Corporate,148774910,24522596,
Europe,Luxembourg,Michelin Luxembourg SCS,Corporate,27153434,4475706,
Europe,Luxembourg,Nestle Finance International Ltd,Corporate,336487310,55463265,
Europe,Luxembourg,Nord/LB Covered Finance Bank SA,Securitized,377310871,62192220,
Europe,Luxembourg,Novartis Finance SA,Corporate,101891389,16794776,
Europe,Luxembourg,Pentair Finance SA,Corporate,371840030,61290460,
Europe,Luxembourg,Rosselkhozbank OJSC,Government Related,62898560,10367581,
Europe,Luxembourg,Telecom Italia Capital SA,Corporate,150880772,24869705,
Europe,Luxembourg,Telecom Italia Finance SA,Corporate,97809655,16121983,
Asia,Malaysia,Bank Negara Malaysia,Government,122416015,20177854,
Asia,Malaysia,Government of Malaysia,Government,6989536429,1152086574,
Asia,Malaysia,Petroliam Nasional Bhd,Government Related,53633932,8840491,
Asia,Malaysia,Sarawak International Inc,Government Related,32576416,5369577,
Latin America,Mexico,Alpek SA de CV,Corporate,104971519,17302475,
Latin America,Mexico,America Movil SAB de CV,Corporate,1504881006,248049813,
Latin America,Mexico,Comision Federal de Electricidad,Government Related,151990897,25052688,
Latin America,Mexico,Government of Mexico,Government,36000869577,5934029946,
Latin America,Mexico,Grupo Televisa SAB,Corporate,136057632,22426404,
Latin America,Mexico,Kansas City Southern de Mexico SA de CV,Corporate,150573034,24818981,
Latin America,Mexico,Petroleos Mexicanos,Government Related,484159269,79804061,
Europe,Netherlands,ABN AMRO Bank NV,Corporate/Securitized,4956387596,816962278,
Europe,Netherlands,Achmea BV,Corporate,135175321,22280973,
Europe,Netherlands,Achmea Hypotheekbank NV,Securitized,347980320,57357660,
Europe,Netherlands,Aegon NV,Corporate,82582962,13612165,
Europe,Netherlands,ASML Holding NV,Corporate,107978949,17798190,
Europe,Netherlands,Bank Nederlandse Gemeenten,Government Related,2826742202,465932436,
Europe,Netherlands,BMW Finance NV,Corporate,302923033,49930859,
Europe,Netherlands,Cooperatieve Centrale Raiffeisen-Boerenleenbank BA/Netherlands,Corporate,3230219825,532437727,
Europe,Netherlands,Daimler International Finance BV,Corporate,355136624,58537235,
Europe,Netherlands,Deutsche Bahn Finance BV,Government Related,661710127,109069802,
Europe,Netherlands,Deutsche Telekom International Finance BV,Corporate,1746383574,287856725,
Europe,Netherlands,Diageo Finance BV,Corporate,31631012,5213746,
Europe,Netherlands,Enbw International Finance BV,Government Related,92766357,15290696,
Europe,Netherlands,Enel Finance International NV,Corporate,1512464574,249299814,
Europe,Netherlands,E.ON International Finance BV,Corporate,985398654,162423441,
Europe,Netherlands,Generali Finance BV,Corporate,90986134,14997261,
Europe,Netherlands,Government of the Netherlands,Government,35843854845,5908149179,
Europe,Netherlands,Heineken NV,Corporate,850705208,140221896,
Europe,Netherlands,HIT Finance BV,Corporate,160826463,26509056,
Europe,Netherlands,ING Bank NV,Corporate/Securitized,2731651644,450258642,
Europe,Netherlands,ING Groep NV,Corporate,294895792,48607728,
Europe,Netherlands,KBC Internationale Financieringsmaatschappij NV,Corporate,191243329,31522673,
Europe,Netherlands,Koninklijke DSM NV,Corporate,143027532,23575254,
Europe,Netherlands,Koninklijke KPN NV,Corporate,882672092,145491003,
Europe,Netherlands,LANXESS Finance BV,Corporate,44917774,7403805,
Europe,Netherlands,Nederlandse Financierings-Maatschappij voor Ontwikkelingslanden NV,Government Related,216932206,35756975,
Europe,Netherlands,Nederlandse Waterschapsbank NV,Government Related,1182623429,194932037,
Europe,Netherlands,Repsol International Finance BV,Corporate,611058764,100720928,
Europe,Netherlands,RWE Finance BV,Corporate,536322896,88402201,
Europe,Netherlands,Schlumberger Finance BV,Corporate,370646230,61093686,
Europe,Netherlands,Shell International Finance BV,Corporate,1629062126,268518610,
Europe,Netherlands,Siemens Financieringsmaatschappij NV,Corporate,1184252524,195200561,
Europe,Netherlands,SNS Bank NV,Corporate,135058843,22261774,
Europe,Netherlands,Telefonica Europe BV,Corporate,88125366,14525720,
Europe,Netherlands,TenneT Holding BV,Government Related,64805368,10681881,
Europe,Netherlands,ThyssenKrupp Finance Nederland BV,Corporate,140264250,23119782,
Europe,Netherlands,Wolters Kluwer NV,Corporate,96550284,15914401,
Oceania,New Zealand,ANZ New Zealand Int'l Ltd/New Zealand,Corporate,31812425,5243648,
Oceania,New Zealand,BNZ International Funding Ltd,Securitized,452238215,74542508,
Oceania,New Zealand,Chorus Ltd,Corporate,282215967,46517710,
Oceania,New Zealand,Government of New Zealand,Government,3352567288,552604282,
Oceania,New Zealand,New Zealand Local Government Funding Agency,Government Related,699624740,115319274,
Oceania,New Zealand,Westpac Securities NZ Ltd,Corporate/Securitized,144831735,23872641,
Latin America,Panama,Republic of Panama,Government,135310978,22303333,
Latin America,Peru,Government of Peru,Government,424693632,70002329,
Latin America,Peru,Transportadora de Gas del Peru SA,Corporate,160215334,26408323,
Asia,Philippines,Government of the Philippines,Government,1064621253,175481717,
Europe,Poland,Government of Poland,Government,16953144544,2794389930,
Europe,Portugal,Banco BPI SA,Securitized,235697139,38850003,
Europe,Portugal,Banco Comercial Portugues SA,Securitized,274973048,45323858,
Europe,Portugal,Banco Espirito Santo SA,Securitized,87446320,14413793,
Europe,Portugal,Banco Santander Totta SA,Securitized,85024822,14014657,
Europe,Portugal,Caixa Geral de Depositos SA,Securitized,698320254,115104256,
Europe,Portugal,CP - Comboios de Portugal EPE,Government Related,165445077,27270342,
Europe,Portugal,Government of Portugal,Government,432945354,71362462,
Europe,Portugal,Rede Ferroviaria Nacional - REFER EPE,Government Related,181937761,29988835,
Middle East,Qatar,Government of Qatar,Government,490857037,80908056,
Middle East,Qatar,Qatari Diar Finance Co,Government Related,67620099,11145833,
Middle East,Qatar,Ras Laffan Liquefied Natural Gas Co Ltd III,Government Related,63300284,10433798,
Europe,Russia,AK Transneft OAO,Government Related,94870662,15637549,
Europe,Russia,Gazprom OAO,Government Related,168155716,27717138,
Europe,Russia,Government of Russian Federation,Government,24698017479,4070978758,
Europe,Russia,Lukoil International Finance BV,Corporate,378829776,62442582,
Europe,Russia,Rosneft Finance SA,Government Related,214524477,35360109,
Asia,Singapore,Government of Singapore,Government,6165736664,1016299507,
Asia,Singapore,PSA International Pte Ltd,Corporate,169298618,27905522,
Asia,Singapore,Singapore Telecommunications Ltd,Corporate,30532899,5032743,
Asia,Singapore,SingTel Group Treasury Pte Ltd,Corporate,312203736,51460599,
Europe,Slovakia,Government of Slovakia,Government,1719934819,283497172,
Europe,Slovenia,Government of Slovenia,Government,2091612182,344760820,
Europe,Slovenia,Slovenska izvozna in razvojna banka dd,Government Related,95088345,15673429,
Africa,South Africa,Government of South Africa,Government,11607552015,1913274931,
Asia,South Korea,Export-Import Bank of Korea,Government Related,472334681,77855012,
Asia,South Korea,Government of Korea,Government,31162248787,5136479192,
Asia,South Korea,GS Caltex Corp,Corporate,97919329,16140061,
Asia,South Korea,Hyundai Capital America,Corporate,403087436,66440976,
Asia,South Korea,Hyundai Steel Co,Corporate,96687017,15936939,
Asia,South Korea,Industrial Bank of Korea,Government Related,32393068,5339355,
Asia,South Korea,Kia Motors Corp,Corporate,126596244,20866882,
Asia,South Korea,Korea Development Bank/The,Government Related,586079480,96603588,
Asia,South Korea,Korea East-West Power Co Ltd,Government Related,122441784,20182102,
Asia,South Korea,Korea Electric Power Corp,Government Related,63249854,10425485,
Asia,South Korea,Korea Finance Corp,Government Related,288028224,47475745,
Asia,South Korea,Korea Hydro & Nuclear Power Co Ltd,Government Related,18897208,3114830,
Asia,South Korea,Korea National Oil Corp,Government Related,129927769,21416018,
Asia,South Korea,Korea Western Power Co Ltd,Government Related,456099089,75178897,
Asia,South Korea,KT Corp,Corporate,174972389,28840731,
Asia,South Korea,POSCO,Corporate,264243917,43555373,
Asia,South Korea,SK Telecom Co Ltd,Corporate,112718454,18579404,
Europe,Spain,Abertis Infraestructuras SA,Corporate,158459693,26118940,
Europe,Spain,Autonomous Community of Andalusia Spain,Government Related,136148057,22441309,
Europe,Spain,Autonomous Community of Catalonia,Government Related,349154046,57551126,
Europe,Spain,Autonomous Community of Madrid Spain,Government Related,1691326902,278781724,
Europe,Spain,Autonomous Community of Valencia Spain,Government Related,60819772,10024934,
Europe,Spain,Ayt Cedulas Cajas Fondo de Titulizacion,Securitized,143117233,23590040,
Europe,Spain,Ayt Cedulas Cajas Global,Securitized,6063886510,999511527,
Europe,Spain,AyT Cedulas Cajas IX Fondo de Titulizacion,Securitized,1198389888,197530825,
Europe,Spain,AyT Cedulas Cajas VI Fondo de Titulizacion de Activos,Securitized,432732733,71327416,
Europe,Spain,AyT Cedulas Cajas X Fondo de Titulizacion,Securitized,1250453087,206112412,
Europe,Spain,Banco Bilbao Vizcaya Argentaria SA,Securitized,3246967812,535198301,
Europe,Spain,Banco Cooperativo Espanol SA,Government Related,78568877,12950522,
Europe,Spain,Banco de Sabadell SA,Securitized,456523964,75248929,
Europe,Spain,Banco Financiero y de Ahorros SA,Government Related,232295250,38289269,
Europe,Spain,Banco Pastor SA,Securitized,111843329,18435157,
Europe,Spain,Banco Popular Espanol SA,Securitized,6473666532,1067055644,
Europe,Spain,Banco Santander SA,Securitized,3147898982,518868767,
Europe,Spain,Bankia SA,Securitized,7010722668,1155578705,
Europe,Spain,Basque Government,Government Related,59613861,9826164,
Europe,Spain,CaixaBank SA,Securitized,6812674450,1122934381,
Europe,Spain,Caja de Ahorros y Monte de Piedad de Baleares,Government Related,37761603,6224252,
Europe,Spain,Catalunya Banc SA,Government Related,152924007,25206492,
Europe,Spain,Cedulas TDA,Securitized,4545223640,749190048,
Europe,Spain,Comunidad Autonoma de Aragon,Government Related,430874122,71021061,
Europe,Spain,Comunidad Autonoma de Canarias,Government Related,54557536,8992729,
Europe,Spain,Comunidad Autonoma de las Islas Baleares,Government Related,58608481,9660447,
Europe,Spain,Cores,Government Related,262761017,43310947,
Europe,Spain,Government of Spain,Government,28013251594,4617429406,
Europe,Spain,Iberdrola Finanzas SAU,Corporate,200567367,33059556,
Europe,Spain,IM Cedulas 9,Securitized,442681457,72967266,
Europe,Spain,Instituto de Credito Oficial,Government Related,2364246187,389699133,
Europe,Spain,Junta Comunidades de Castilla-La Mancha,Government Related,34283259,5650916,
Europe,Spain,Kutxabank SA,Securitized,1870970233,308392367,
Europe,Spain,NCG Banco SA,Government Related,179980464,29666213,
Europe,Spain,Santander Consumer Finance SA,Securitized,1585980738,261417496,
Europe,Spain,Telefonica Emisiones SAU,Corporate,2210882892,364420233,
Europe,Spain,Unicaja Banco SA,Securitized,1125341079,185490177,
Europe,Spain,Xunta de Galicia,Government Related,45180637,7447133,
Europe,Sweden,Atlas Copco AB,Corporate,280453139,46227142,
Europe,Sweden,City of Gothenburg Sweden,Government Related,94765867,15620275,
Europe,Sweden,Government of Sweden,Government,11745366269,1935990880,
Europe,Sweden,Investor AB,Corporate,225048408,37094770,
Europe,Sweden,Kommuninvest I Sverige AB,Government Related,1347885900,222172281,
Europe,Sweden,Lansforsakringar Hypotek AB,Securitized,700727220,115500996,
Europe,Sweden,Nordea Bank AB,Corporate,501335087,82635154,
Europe,Sweden,Nordea Hypotek AB,Securitized,2515934252,414701905,
Europe,Sweden,SCA Finans AB,Corporate,64746394,10672160,
Europe,Sweden,Skandinaviska Enskilda Banken AB,Corporate/Securitized,2120408665,349507350,
Europe,Sweden,Stadshypotek AB,Securitized,5285883534,871273154,
Europe,Sweden,Svenska Cellulosa AB SCA,Corporate,385659840,63568382,
Europe,Sweden,Svenska Handelsbanken AB,Corporate,242190457,39920297,
Europe,Sweden,Svensk Exportkredit AB,Government Related,3536881695,582984859,
Europe,Sweden,Sveriges Sakerstallda Obligationer AB,Securitized,711349199,117251819,
Europe,Sweden,Swedbank Hypotek AB,Securitized,7250096260,1195034698,
Europe,Sweden,TeliaSonera AB,Corporate,502113589,82763475,
Europe,Sweden,Vattenfall AB,Government Related,490145907,80790840,
Europe,Sweden,Volvo Treasury AB,Corporate,86063265,14185824,
Europe,Switzerland,ABB Ltd,Corporate,120790918,19909989,
Europe,Switzerland,Credit Suisse AG,Corporate/Securitized,4595106120,757412186,
Europe,Switzerland,Government of Switzerland,Government,20103525246,3313667759,
Europe,Switzerland,Novartis Securities Investment Ltd,Corporate,179939784,29659508,
Europe,Switzerland,Tyco Electronics Group SA,Corporate,180223866,29706333,
Europe,Switzerland,UBS AG,Corporate/Securitized,7792995704,1284520913,
Asia,Taiwan,Government of Taiwan,Government,4658892570,767926118,
Asia,Taiwan,TSMC Global Ltd,Corporate,529511028,87279400,
Asia,Thailand,Bank of Thailand,Government Related,2200546483,362716481,
Asia,Thailand,Government of Thailand,Government,7148444515,1178279423,
Asia,Thailand,PTT PCL,Government Related,98206446,16187386,
Asia,Thailand,Thai Oil PCL,Corporate,31721284,5228625,
Latin America,Trinidad and Tobago,Petroleum Co of Trinidad & Tobago Ltd,Government Related,37826897,6235014,
Europe,Turkey,Government of Turkey,Government,9639028062,1588802766,
Middle East,United Arab Emirates,Abu Dhabi National Energy Co,Government Related,141069430,23252500,
Middle East,United Arab Emirates,Government of United Arab Emirates,Government,112081262,18474375,
Middle East,United Arab Emirates,National Bank of Abu Dhabi PJSC,Government Related,63699818,10499653,
Europe,United Kingdom,Abbey National Treasury Services PLC/London,Corporate/Securitized,6451312681,1063371054,
Europe,United Kingdom,Amlin PLC,Corporate,104163568,17169300,
Europe,United Kingdom,Anglo American Capital PLC,Corporate,273638938,45103956,
Europe,United Kingdom,AstraZeneca PLC,Corporate,306526601,50524836,
Europe,United Kingdom,Aviva PLC,Corporate,583816794,96230629,
Europe,United Kingdom,Bank of Scotland PLC,Corporate/Securitized,9580476654,1579151727,
Europe,United Kingdom,Barclays Bank PLC,Corporate/Securitized,3223590790,531345062,
Europe,United Kingdom,BG Energy Capital PLC,Corporate,440080054,72538476,
Europe,United Kingdom,BP Capital Markets PLC,Corporate,3447184672,568200083,
Europe,United Kingdom,Bradford & Bingley PLC,Securitized,2282392326,376207146,
Europe,United Kingdom,British Sky Broadcasting Group PLC,Corporate,446005496,73515168,
Europe,United Kingdom,British Telecommunications PLC,Corporate,1202583185,198222007,
Europe,United Kingdom,British Transco International Finance BV,Corporate,348188238,57391931,
Europe,United Kingdom,BSKYB Finance UK PLC,Corporate,102139297,16835639,
Europe,United Kingdom,Centrica PLC,Corporate,234748636,38693661,
Europe,United Kingdom,Clerical Medical Finance PLC,Corporate,51331274,8460943,
Europe,United Kingdom,Coventry Building Society,Securitized,1130262362,186301353,
Europe,United Kingdom,Diageo Capital PLC,Corporate,1692350579,278950457,
Europe,United Kingdom,Diageo Investment Corp,Corporate,231754921,38200206,
Europe,United Kingdom,Eastern Power Networks PLC,Corporate,54859213,9042454,
Europe,United Kingdom,Electricity North West Ltd,Corporate,74265650,12241221,
Europe,United Kingdom,Friends Life Group PLC,Corporate,255719313,42150261,
Europe,United Kingdom,G4S International Finance PLC,Corporate,156384464,25776880,
Europe,United Kingdom,GlaxoSmithKline Capital PLC,Corporate,342667533,56481952,
Europe,United Kingdom,Hammerson PLC,Corporate,87851298,14480546,
Europe,United Kingdom,HBOS PLC,Corporate,384159059,63321008,
Europe,United Kingdom,HSBC Bank PLC,Corporate/Securitized,1958481801,322816915,
Europe,United Kingdom,HSBC Finance Corp,Corporate,63090740,10399258,
Europe,United Kingdom,HSBC Holdings PLC,Corporate,930647029,153398721,
Europe,United Kingdom,InterContinental Hotels Group PLC,Corporate,82417597,13584908,
Europe,United Kingdom,Land Securities Capital Markets PLC,Corporate,207433469,34191297,
Europe,United Kingdom,LCR Finance PLC,Government Related,188305388,31038412,
Europe,United Kingdom,Leeds Building Society,Securitized,550940151,90811566,
Europe,United Kingdom,Legal & General Group PLC,Corporate,202970027,33455587,
Europe,United Kingdom,Lehman Brothers Holdings PLC,Corporate,4180,689,
Europe,United Kingdom,Lloyds Bank PLC,Corporate/Securitized,4906479466,808735912,
Europe,United Kingdom,London Power Networks PLC,Corporate,273907541,45148230,
Europe,United Kingdom,London Stock Exchange Group PLC,Corporate,95394280,15723857,
Europe,United Kingdom,Marks & Spencer PLC,Corporate,357982950,59006395,
Europe,United Kingdom,Motability Operations Group PLC,Corporate,100551787,16573969,
Europe,United Kingdom,National Grid Electricity Transmission PLC,Corporate,588993090,97083839,
Europe,United Kingdom,National Grid PLC,Corporate,118658015,19558422,
Europe,United Kingdom,National Westminster Bank PLC,Corporate,45022890,7421131,
Europe,United Kingdom,Nationwide Building Society,Corporate/Securitized,6296214731,1037806231,
Europe,United Kingdom,Network Rail Infrastructure Ltd,Government Related,2113717503,348404444,
Europe,United Kingdom,Next PLC,Corporate,276978986,45654497,
Europe,United Kingdom,Northern Gas Networks Finance PLC,Corporate,59204768,9758733,
Europe,United Kingdom,Northern Rock Asset Management PLC,Securitized,2501586757,412337005,
Europe,United Kingdom,Pearson Dollar Finance PLC,Corporate,119088953,19629454,
Europe,United Kingdom,Pearson Funding Five PLC,Corporate,164271216,27076855,
Europe,United Kingdom,Pearson Funding Four PLC,Corporate,202414742,33364059,
Europe,United Kingdom,Pearson PLC,Corporate,168883561,27837108,
Europe,United Kingdom,Principality Building Society,Corporate,30368319,5005616,
Europe,United Kingdom,Reckitt Benckiser Treasury Services PLC,Corporate,242316619,39941093,
Europe,United Kingdom,Reed Elsevier Investments PLC,Corporate,66708681,10995604,
Europe,United Kingdom,Rentokil Initial PLC,Corporate,67343891,11100306,
Europe,United Kingdom,Rolls-Royce PLC,Corporate,37203884,6132323,
Europe,United Kingdom,Royal Bank of Scotland Group PLC,Corporate,259726943,42810840,
Europe,United Kingdom,Royal Bank of Scotland PLC/The,Corporate/Securitized,4578136671,754615109,
Europe,United Kingdom,SABMiller Holdings Inc,Corporate,597205665,98437520,
Europe,United Kingdom,SABMiller PLC,Corporate,175597613,28943787,
Europe,United Kingdom,Scottish Power Ltd,Corporate,183278087,30209761,
Europe,United Kingdom,Scottish Widows PLC,Corporate,203251436,33501972,
Europe,United Kingdom,Severn Trent Utilities Finance PLC,Corporate,87201886,14373503,
Europe,United Kingdom,Smiths Group PLC,Corporate,180352885,29727599,
Europe,United Kingdom,Society of Lloyd's,Corporate,795343913,131096683,
Europe,United Kingdom,Southern Electric Power Distribution PLC,Corporate,42049297,6930993,
Europe,United Kingdom,Southern Gas Networks PLC,Corporate,38090790,6278512,
Europe,United Kingdom,South Eastern Power Networks PLC,Corporate,79321622,13074597,
Europe,United Kingdom,SPD Finance UK PLC,Corporate,330166071,54421334,
Europe,United Kingdom,SSE PLC,Corporate,469821514,77440766,
Europe,United Kingdom,Stagecoach Group PLC,Corporate,44180940,7282352,
Europe,United Kingdom,Standard Chartered Bank,Corporate,276604411,45592756,
Europe,United Kingdom,Standard Chartered PLC,Corporate,162146609,26726655,
Europe,United Kingdom,Standard Life PLC,Corporate,56612086,9331381,
Europe,United Kingdom,Tate & Lyle International Finance PLC,Corporate,125869724,20747130,
Europe,United Kingdom,Tesco PLC,Corporate,859003704,141589738,
Europe,United Kingdom,Thames Water Utilities Finance Ltd,Corporate,95761106,15784321,
Europe,United Kingdom,Unilever PLC,Corporate,67872942,11187510,
Europe,United Kingdom,United Kingdom Government,Government,58852227432,9700623459,
Europe,United Kingdom,United Utilities Water PLC,Corporate,103709464,17094450,
Europe,United Kingdom,Vodafone Group PLC,Corporate,1738449924,286549020,
Europe,United Kingdom,Wales & West Utilities Finance PLC,Corporate,100667340,16593016,
Europe,United Kingdom,Wessex Water Services Finance PLC,Corporate,125978049,20764985,
Europe,United Kingdom,Western Power Distribution East Midlands PLC,Corporate,571791362,94248475,
Europe,United Kingdom,WPP Finance 2010,Corporate,369371051,60883498,
Europe,United Kingdom,Yorkshire Building Society,Securitized,352461247,58096252,
Europe,United Kingdom,Zurich Finance UK PLC,Corporate,50703423,8357455,
North America,United States,21st Century Fox America Inc,Corporate,1285206795,211840872,
North America,United States,3M Co,Corporate,326394837,53799721,
North America,United States,AbbVie Inc,Corporate,2204465684,363362484,
North America,United States,ACE INA Holdings Inc,Corporate,139893065,23058600,
North America,United States,Advance Auto Parts Inc,Corporate,336417704,55451792,
North America,United States,ADT Corp/The,Corporate,269749762,44462903,
North America,United States,Aetna Inc,Corporate,176103938,29027245,
North America,United States,Agilent Technologies Inc,Corporate,698471147,115129127,
North America,United States,Air Products & Chemicals Inc,Corporate,54966032,9060061,
North America,United States,Alabama Power Co,Corporate,34308010,5654996,
North America,United States,Allergan Inc/United States,Corporate,325012683,53571900,
North America,United States,Allstate Corp/The,Corporate,69511311,11457562,
North America,United States,Alltel Corp,Corporate,142299885,23455316,
North America,United States,Amazon.com Inc,Corporate,1243998452,205048493,
North America,United States,Ameren Corp,Corporate,12614807,2079301,
North America,United States,Ameren Illinois Co,Corporate,214318512,35326160,
North America,United States,American Express Bank FSB,Corporate,106127043,17492940,
North America,United States,American Express Centurion Bank,Corporate,20681272,3408898,
North America,United States,American Express Co,Corporate,128287975,21145731,
North America,United States,American Express Credit Corp,Corporate,173353833,28573944,
North America,United States,American International Group Inc,Corporate,584598792,96359526,
North America,United States,American Tower Corp,Corporate,299888070,49430606,
North America,United States,American Water Capital Corp,Corporate,110920936,18283118,
North America,United States,AmerisourceBergen Corp,Corporate,110659513,18240028,
North America,United States,Amgen Inc,Corporate,1456160342,240019177,
North America,United States,Amphenol Corp,Corporate,120429626,19850437,
North America,United States,Anadarko Petroleum Corp,Corporate,184335595,30384070,
North America,United States,Anheuser-Busch Cos LLC,Corporate,278947820,45979020,
North America,United States,Anheuser-Busch InBev Worldwide Inc,Corporate,1626247786,268054721,
North America,United States,Aon PLC,Corporate,63780612,10512970,
North America,United States,Apache Corp,Corporate,146480294,24144374,
North America,United States,Appalachian Power Co,Corporate,153581241,25314824,
North America,United States,Apple Inc,Corporate,1909099235,314677178,
North America,United States,Archer-Daniels-Midland Co,Corporate,207802006,34252043,
North America,United States,Arden Realty LP,Corporate,31943330,5265225,
North America,United States,Arizona Public Service Co,Corporate,90261190,14877769,
North America,United States,Assurant Inc,Corporate,163204170,26900973,
North America,United States,AT&T Inc,Corporate,1714716686,282637066,
North America,United States,AT&T Mobility LLC,Corporate,89785983,14799440,
North America,United States,AutoZone Inc,Corporate,728039713,120002920,
North America,United States,Axis Capital Holdings Ltd,Corporate,123748951,20397562,
North America,United States,Baker Hughes Inc,Corporate,152414089,25122442,
North America,United States,Baltimore Gas & Electric Co,Corporate,189477354,31231587,
North America,United States,Banc of America Merrill Lynch Commercial Mortgage Inc,Securitized,141061021,23251114,
North America,United States,Banc of America Mortgage Securities Inc,Securitized,1423,235,
North America,United States,Bank of America Corp,Corporate,5040980599,830905758,
North America,United States,Bank of New York Mellon Corp/The,Corporate,292913148,48280928,
North America,United States,Baxter International Inc,Corporate,487687844,80385677,
North America,United States,Bayview Financial Asset Trust,Securitized,94614,15595,
North America,United States,BA Covered Bond Issuer,Securitized,881646544,145321962,
North America,United States,Beam Inc,Corporate,28152691,4640413,
North America,United States,Becton Dickinson and Co,Corporate,336658917,55491551,
North America,United States,BellSouth Corp,Corporate,833016095,137306196,
North America,United States,Bemis Co Inc,Corporate,83634687,13785521,
North America,United States,Berkshire Hathaway Finance Corp,Corporate,1051517326,173321794,
North America,United States,Best Buy Co Inc,Corporate,62106006,10236944,
North America,United States,Biogen Idec Inc,Corporate,37710545,6215836,
North America,United States,Boston Properties LP,Corporate,100286490,16530241,
North America,United States,Bottling Group LLC,Corporate,51169916,8434347,
North America,United States,BP AMI Leasing Inc,Corporate,136834184,22554404,
North America,United States,Bristol-Myers Squibb Co,Corporate,232997919,38405090,
North America,United States,Broadridge Financial Solutions Inc,Corporate,196472285,32384563,
North America,United States,Buckeye Partners LP,Corporate,347928235,57349075,
North America,United States,Burlington Northern Santa Fe LLC,Corporate,1032261744,170147893,
North America,United States,Cameron International Corp,Corporate,297912250,49104931,
North America,United States,Capital One Bank USA NA,Corporate,51180540,8436098,
North America,United States,Capital One Financial Corp,Corporate,52071503,8582955,
North America,United States,Cardinal Health Inc,Corporate,186298786,30707663,
North America,United States,CareFusion Corp,Corporate,405617866,66858067,
North America,United States,Cargill Inc,Corporate,347086366,57210309,
North America,United States,Carlisle Cos Inc,Corporate,173523564,28601921,
North America,United States,Caterpillar Financial Services Corp,Corporate,863969733,142408290,
North America,United States,Caterpillar Inc,Corporate,126471780,20846367,
North America,United States,CBS Corp,Corporate,340506449,56125740,
North America,United States,CC Holdings GS V LLC / Crown Castle GS III Corp,Corporate,180452979,29744098,
North America,United States,Celgene Corp,Corporate,1058150217,174415095,
North America,United States,Cellco Partnership,Corporate,54018690,8903911,
North America,United States,CenterPoint Energy Houston Electric LLC,Corporate,47454807,7821985,
North America,United States,CenterPoint Energy Inc,Corporate,48643621,8017937,
North America,United States,CenterPoint Energy Resources Corp,Corporate,54832855,9038110,
North America,United States,CenturyLink Inc,Corporate,58197418,9592691,
North America,United States,CF Industries Inc,Corporate,351486347,57935559,
North America,United States,Chevron Corp,Corporate,1716903433,282997508,
North America,United States,Chubb Corp/The,Corporate,232352223,38298660,
North America,United States,Church & Dwight Co Inc,Corporate,320242762,52785673,
North America,United States,Cintas Corp No 2,Corporate,48140738,7935047,
North America,United States,Cisco Systems Inc,Corporate,121344790,20001284,
North America,United States,Citigroup Commercial Mortgage Trust,Securitized,86892107,14322442,
North America,United States,Citigroup Inc,Corporate,2625552824,432770354,
North America,United States,Citigroup/Deutsche Bank Commercial Mortgage Trust,Securitized,131013061,21594907,
North America,United States,Cleveland Electric Illuminating Co/The,Corporate,43134164,7109812,
North America,United States,Clorox Co/The,Corporate,212333677,34998999,
North America,United States,Coca-Cola Co/The,Corporate,653482479,107713637,
North America,United States,Colonial Bank/Montgomery AL,Corporate,4118,679,
North America,United States,Colonial Pipeline Co,Corporate,154102417,25400730,
North America,United States,Comcast Cable Holdings LLC,Corporate,43859220,7229323,
North America,United States,Comcast Corp,Corporate,1662301102,273997396,
North America,United States,Commercial Mortgage Loan Trust 2008-LS1X,Securitized,130180366,21457654,
North America,United States,Commonwealth Edison Co,Corporate,262810278,43319066,
North America,United States,Computer Sciences Corp,Corporate,35133095,5790994,
North America,United States,ConAgra Foods Inc,Corporate,626434479,103255310,
North America,United States,Connecticut Light & Power Co/The,Corporate,34938463,5758913,
North America,United States,ConocoPhillips,Corporate,917360158,151208643,
North America,United States,Consolidated Edison Co of New York Inc,Corporate,189153004,31178124,
North America,United States,Constellation Energy Group Inc,Corporate,64965994,10708357,
North America,United States,Consumers Energy Co,Corporate,258298625,42575410,
North America,United States,Con-way Inc,Corporate,57225880,9432552,
North America,United States,Cooper US Inc,Corporate,64905285,10698350,
North America,United States,Corning Inc,Corporate,123127735,20295167,
North America,United States,Costco Wholesale Corp,Corporate,1266448230,208748894,
North America,United States,Covidien International Finance SA,Corporate,664665076,109556867,
North America,United States,COX Communications Inc,Corporate,303029651,49948433,
North America,United States,Credit Suisse First Boston Mortgage Securities Corp,Securitized,33234879,5478111,
North America,United States,Credit Suisse USA Inc,Corporate/Securitized,160924916,26525284,
North America,United States,CRH America Inc,Corporate,117489992,19365897,
North America,United States,CR Bard Inc,Corporate,118773183,19577406,
North America,United States,CSX Corp,Corporate,337481713,55627173,
North America,United States,CVS Caremark Corp,Corporate,1458360010,240381748,
North America,United States,Daimler Finance North America LLC,Corporate,406075971,66933577,
North America,United States,Darden Restaurants Inc,Corporate,251237709,41411558,
North America,United States,DCP Midstream LLC,Corporate,46150892,7607060,
North America,United States,Deere & Co,Corporate,67532205,11131346,
North America,United States,Devon Energy Corp,Corporate,134937156,22241716,
North America,United States,Devon OEI Operating LLC,Corporate,116264050,19163825,
North America,United States,DENTSPLY International Inc,Corporate,185666708,30603478,
North America,United States,Diamond Offshore Drilling Inc,Corporate,218462133,36009154,
North America,United States,Discovery Communications LLC,Corporate,353271802,58229856,
North America,United States,DIRECTV Holdings LLC,Corporate,1204993138,198619240,
North America,United States,Dollar General Corp,Corporate,393708339,64895018,
North America,United States,Dominion Gas Holdings LLC,Corporate,272363577,44893738,
North America,United States,Dominion Resources Inc/VA,Corporate,228142856,37604829,
North America,United States,Dow Chemical Co/The,Corporate,253526804,41788870,
North America,United States,DTE Energy Co,Corporate,31395935,5174998,
North America,United States,Duke Energy Carolinas LLC,Corporate,379721428,62589553,
North America,United States,Duke Energy Corp,Corporate,486836240,80245307,
North America,United States,Duke Energy Florida Inc,Corporate,147092902,24245350,
North America,United States,Duke Energy Progress Inc,Corporate,295077342,48637652,
North America,United States,eBay Inc,Corporate,91232250,15037828,
North America,United States,Eastman Chemical Co,Corporate,617667859,101810307,
North America,United States,Ecolab Inc,Corporate,156691759,25827531,
North America,United States,EI du Pont de Nemours & Co,Corporate,467884905,77121555,
North America,United States,Eli Lilly & Co,Corporate,169515071,27941200,
North America,United States,Embarq Corp,Corporate,93201604,15362438,
North America,United States,Emerson Electric Co,Corporate,45052968,7426089,
North America,United States,EMC Corp/MA,Corporate,716315964,118070492,
North America,United States,Enbridge Energy Partners LP,Corporate,401084304,66110799,
North America,United States,Energy Transfer Partners LP,Corporate,1305445619,215176841,
North America,United States,Entergy Arkansas Inc,Corporate,25256458,4163027,
North America,United States,Entergy Corp,Corporate,64031655,10554349,
North America,United States,Entergy Gulf States Louisiana LLC,Corporate,20992496,3460197,
North America,United States,Entergy Louisiana LLC,Corporate,20488669,3377151,
North America,United States,Enterprise Products Operating LLC,Corporate,925034990,152473687,
North America,United States,EOG Resources Inc,Corporate,290449178,47874791,
North America,United States,Equifax Inc,Corporate,245153033,40408620,
North America,United States,EQT Corp,Corporate,156302612,25763388,
North America,United States,ERAC USA Finance LLC,Corporate,276723463,45612379,
North America,United States,ERP Operating LP,Corporate,199699146,32916447,
North America,United States,Estee Lauder Cos Inc/The,Corporate,132731568,21878169,
North America,United States,Exelon Corp,Corporate,121508891,20028333,
North America,United States,Exelon Generation Co LLC,Corporate,95405557,15725715,
North America,United States,Express Scripts Holding Co,Corporate,549700682,90607264,
North America,United States,Federal Agricultural Mortgage Corp,Government Related,157591822,25975889,
North America,United States,Federal Farm Credit Banks,Government Related,601892188,99210000,
North America,United States,FedEx Corp,Corporate,282087092,46496467,
North America,United States,FFCA Secured Lending Corp,Securitized,14773,2435,
North America,United States,Fidelity National Information Services Inc,Corporate,314693566,51870998,
North America,United States,FirstEnergy Solutions Corp,Corporate,17352510,2860217,
North America,United States,Fiserv Inc,Corporate,694466059,114468968,
North America,United States,Florida Power & Light Co,Corporate,516412254,85120327,
North America,United States,Flowers Foods Inc,Corporate,182962521,30157746,
North America,United States,Flowserve Corp,Corporate,321781084,53039235,
North America,United States,Foster's Finance Corp,Corporate,47467057,7824004,
North America,United States,Genentech Inc,Corporate,17288731,2849705,
North America,United States,General Electric Capital Corp,Corporate,2801961489,461847827,
North America,United States,General Electric Co,Corporate,305608047,50373431,
North America,United States,General Mills Inc,Corporate,640014417,105493694,
North America,United States,Georgia Power Co,Corporate,460444127,75895090,
North America,United States,Gerdau Holdings Inc,Corporate,67991416,11207038,
North America,United States,GE Capital Commercial Mortgage Corp,Securitized,123507741,20357804,
North America,United States,Gilead Sciences Inc,Corporate,988027886,162856818,
North America,United States,GlaxoSmithKline Capital Inc,Corporate,1014739619,167259718,
North America,United States,Glencore Funding LLC,Corporate,31154208,5135154,
North America,United States,Goldman Sachs Group Inc/The,Corporate,1508084035,248577769,
North America,United States,Google Inc,Corporate,290652019,47908226,
North America,United States,Government of United States of America,Government,437305939785,72081218389,
North America,United States,Great River Energy,Corporate,29550042,4870739,
North America,United States,Greenwich Capital Commercial Funding Corp,Securitized,34656357,5712414,
North America,United States,GSAMP NIM Trust,Securitized,2849,470,
North America,United States,GS Mortgage Securities Corp II,Securitized,165200225,27229983,
North America,United States,GTE Corp,Corporate,211968726,34938844,
North America,United States,Gulfstream Natural Gas System LLC,Corporate,250421405,41277006,
North America,United States,Halliburton Co,Corporate,36579840,6029462,
North America,United States,Harris Corp,Corporate,55866660,9208512,
North America,United States,Hartford Financial Services Group Inc,Corporate,278351106,45880664,
North America,United States,Hasbro Inc,Corporate,92074670,15176685,
North America,United States,Hasco NIM Trust,Securitized,4772,787,
North America,United States,Health Care REIT Inc,Corporate,65606795,10813980,
North America,United States,Health Care Service Corp,Corporate,63901659,10532922,
North America,United States,Hershey Co/The,Corporate,111880637,18441306,
North America,United States,Hess Corp,Corporate,175952167,29002228,
North America,United States,Hewlett-Packard Co,Corporate,816210511,134536128,
North America,United States,Historic TW Inc,Corporate,210860370,34756154,
North America,United States,HJ Heinz Co,Corporate,49012220,8078693,
North America,United States,HJ Heinz Finance Co,Corporate,82768897,13642812,
North America,United States,Home Depot Inc/The,Corporate,1426802217,235180072,
North America,United States,Hospira Inc,Corporate,90584350,14931035,
North America,United States,Hospitality Properties Trust,Corporate,33234462,5478042,
North America,United States,IDEX Corp,Corporate,43811763,7221501,
North America,United States,Indiana Bell Telephone Co Inc,Corporate,175307226,28895922,
North America,United States,Indiana Michigan Power Co,Corporate,65905518,10863219,
North America,United States,Ingredion Inc,Corporate,215428445,35509110,
North America,United States,Intel Corp,Corporate,1170931852,193004912,
North America,United States,International Business Machines Corp,Corporate,1479943258,243939319,
North America,United States,International Flavors & Fragrances Inc,Corporate,84803327,13978148,
North America,United States,International Paper Co,Corporate,232379786,38303203,
North America,United States,Intuit Inc,Corporate,160281682,26419259,
North America,United States,ITC Holdings Corp,Corporate,65767500,10840469,
North America,United States,Jersey Central Power & Light Co,Corporate,241386576,39787794,
North America,United States,Johnson Controls Inc,Corporate,220073792,36274804,
North America,United States,John Deere Bank SA,Corporate,179583207,29600733,
North America,United States,John Deere Canada Funding Inc,Corporate,165970544,27356955,
North America,United States,John Deere Capital Corp,Corporate,792548351,130635890,
North America,United States,JPMorgan Chase & Co,Corporate,2606421708,429616969,
North America,United States,JP Morgan Chase Commercial Mortgage Securities Corp,Securitized,370301550,61036873,
North America,United States,JP Morgan Commercial Mortgage Inc,Securitized,76548854,12617562,
North America,United States,Kansas City Power & Light Co,Corporate,285180383,47006335,
North America,United States,Kellogg Co,Corporate,470030908,77475281,
North America,United States,Kerr-McGee Corp,Corporate,143716255,23688777,
North America,United States,Kinder Morgan Energy Partners LP,Corporate,1187776864,195781479,
North America,United States,Kohl's Corp,Corporate,609598420,100480219,
North America,United States,Kraft Foods Group Inc,Corporate,63156775,10410143,
North America,United States,Kroger Co/The,Corporate,509747242,84021731,
North America,United States,Laboratory Corp of America Holdings,Corporate,889393970,146598971,
North America,United States,LB-UBS Commercial Mortgage Trust,Securitized,147876920,24374580,
North America,United States,Lehman Brothers Holdings Inc,Corporate/Securitized,358268218,59053416,
North America,United States,Lexmark International Inc,Corporate,183815773,30298388,
North America,United States,Liberty Mutual Group Inc,Corporate,49546171,8166704,
North America,United States,Life Technologies Corp,Corporate,138399807,22812466,
North America,United States,Lowe's Cos Inc,Corporate,194012059,31979043,
North America,United States,Lubrizol Corp,Corporate,64373606,10610713,
North America,United States,Magellan Midstream Partners LP,Corporate,335624257,55321008,
North America,United States,Marathon Oil Corp,Corporate,741728584,122259259,
North America,United States,Marriott International Inc/DE,Corporate,218224841,35970041,
North America,United States,Massachusetts Electric Co,Corporate,47994130,7910881,
North America,United States,Mattel Inc,Corporate,233146549,38429589,
North America,United States,Maxim Integrated Products Inc,Corporate,280699287,46267715,
North America,United States,McDonald's Corp,Corporate,356536378,58767957,
North America,United States,McGraw Hill Financial Inc,Corporate,57718109,9513686,
North America,United States,McKesson Corp,Corporate,488463364,80513506,
North America,United States,Medtronic Inc,Corporate,940211787,154975282,
North America,United States,Merck & Co Inc,Corporate,1737542967,286399526,
North America,United States,Merrill Lynch Mortgage Trust,Securitized,164424412,27102106,
North America,United States,Merrill Lynch/Countrywide Commercial Mortgage Trust,Securitized,42012859,6924987,
North America,United States,MetLife Inc,Corporate,233441290,38478171,
North America,United States,Michigan Bell Telephone Co,Corporate,20810108,3430134,
North America,United States,Microsoft Corp,Corporate,629655312,103786201,
North America,United States,Midamerican Funding LLC,Corporate,35521794,5855064,
North America,United States,MidAmerican Energy Co,Corporate,221649397,36534511,
North America,United States,MidAmerican Energy Holdings Co,Corporate,429248168,70753054,
North America,United States,Molson Coors International LP,Corporate,156182214,25743543,
North America,United States,Mondelez International Inc,Corporate,303744996,50066343,
North America,United States,Morgan Stanley,Corporate,964904864,159045446,
North America,United States,Morgan Stanley Capital I Inc,Securitized,192177117,31676589,
North America,United States,Motorola Solutions Inc,Corporate,73650669,12139853,
North America,United States,Mylan Inc/PA,Corporate,165535864,27285307,
North America,United States,National Archives Facility Trust,Government Related,92323776,15217745,
North America,United States,National Fuel Gas Co,Corporate,255827252,42168053,
North America,United States,National Oilwell Varco Inc,Corporate,285842819,47115524,
North America,United States,National Rural Utilities Cooperative Finance Corp,Corporate,425790953,70183201,
North America,United States,Nationwide Mutual Insurance Co,Corporate,73748929,12156050,
North America,United States,NASDAQ OMX Group Inc/The,Corporate,39125215,6449016,
North America,United States,NBCUniversal Media LLC,Corporate,190681490,31430065,
North America,United States,NetApp Inc,Corporate,539775143,88971236,
North America,United States,Nevada Power Co,Corporate,195394404,32206896,
North America,United States,Newmont Mining Corp,Corporate,95673141,15769821,
North America,United States,NewMarket Corp,Corporate,203389719,33524765,
North America,United States,New York Life Insurance Co,Corporate,95064865,15669559,
North America,United States,New York State Electric & Gas Corp,Corporate,54435895,8972679,
North America,United States,NextEra Energy Capital Holdings Inc,Corporate,31272357,5154628,
North America,United States,Niagara Mohawk Power Corp,Corporate,65333490,10768931,
North America,United States,Nisource Finance Corp,Corporate,120982224,19941522,
North America,United States,Nordstrom Inc,Corporate,174516963,28765663,
North America,United States,Northeast Utilities,Corporate,26410211,4353200,
North America,United States,Northern States Power Co/MN,Corporate,134003166,22087766,
North America,United States,Novartis Capital Corp,Corporate,474695395,78244129,
North America,United States,NSTAR Electric Co,Corporate,34462666,5680488,
North America,United States,Occidental Petroleum Corp,Corporate,554459022,91391582,
North America,United States,Oglethorpe Power Corp,Corporate,58947919,9716396,
North America,United States,Ohio Power Co,Corporate,102791352,16943118,
North America,United States,Omnicom Group Inc,Corporate,540822663,89143899,
North America,United States,Oncor Electric Delivery Co LLC,Corporate,162095170,26718177,
North America,United States,ONEOK Partners LP,Corporate,323638231,53345349,
North America,United States,Oracle Corp,Corporate,1985536042,327276271,
North America,United States,Owens Corning,Corporate,32507588,5358232,
North America,United States,O'Reilly Automotive Inc,Corporate,522514270,86126123,
North America,United States,Pacific Gas & Electric Co,Corporate,322383086,53138463,
North America,United States,Pacific LifeCorp,Corporate,20627411,3400020,
North America,United States,PacifiCorp,Corporate,777515389,128158004,
North America,United States,Pall Corp,Corporate,31835650,5247476,
North America,United States,Parker Hannifin Corp,Corporate,70992243,11701664,
North America,United States,Peco Energy Co,Corporate,355467694,58591805,
North America,United States,Pemex Project Funding Master Trust,Government Related,334181817,55083250,
North America,United States,PepsiCo Inc,Corporate,787644062,129827515,
North America,United States,Perrigo Co Plc,Corporate,462688939,76265103,
North America,United States,Petrohawk Energy Corp,Corporate,520657277,85820035,
North America,United States,Pfizer Inc,Corporate,656505776,108211968,
North America,United States,Phillips 66,Corporate,126755870,20893193,
North America,United States,Plains All American Pipeline LP,Corporate,861980885,142080468,
North America,United States,Plum Creek Timberlands LP,Corporate,99120372,16338029,
North America,United States,PPG Industries Inc,Corporate,267281331,44056031,
North America,United States,PPL Electric Utilities Corp,Corporate,150319305,24777159,
North America,United States,PPL Energy Supply LLC,Corporate,48499055,7994108,
North America,United States,Praxair Inc,Corporate,250182930,41237698,
North America,United States,Precision Castparts Corp,Corporate,480453940,79193311,
North America,United States,Principal Financial Group Inc,Corporate,34374566,5665966,
North America,United States,Principal Financial Services Inc,Corporate,34588982,5701308,
North America,United States,Private Export Funding Corp,Government Related,32943029,5430006,
North America,United States,Progress Energy Inc,Corporate,256207713,42230764,
North America,United States,Prudential Financial Inc,Corporate,439436131,72432338,
North America,United States,PSEG Power LLC,Corporate,33420707,5508741,
North America,United States,Public Service Co of Colorado,Corporate,191796657,31613878,
North America,United States,Public Service Electric & Gas Co,Corporate,272883513,44979440,
North America,United States,Puget Sound Energy Inc,Corporate,57044800,9402705,
North America,United States,Ralph Lauren Corp,Corporate,181701430,29949880,
North America,United States,Realty Income Corp,Corporate,73713375,12150189,
North America,United States,Regency Centers LP,Corporate,66519738,10964461,
North America,United States,Reliance Steel & Aluminum Co,Corporate,132987199,21920304,
North America,United States,Republic Services Inc,Corporate,298884446,49265178,
North America,United States,Roche Holdings Inc,Corporate,210544173,34704035,
North America,United States,Rohm & Haas Co,Corporate,20222147,3333220,
North America,United States,Roper Industries Inc,Corporate,391738231,64570285,
North America,United States,RPM International Inc,Corporate,42355252,6981424,
North America,United States,Ruby Pipeline LLC,Corporate,224741860,37044242,
North America,United States,Safeway Inc,Corporate,63115814,10403391,
North America,United States,Samsung Electronics America Inc,Corporate,435939093,71855921,
North America,United States,San Diego Gas & Electric Co,Corporate,196195154,32338883,
North America,United States,SB Finance Trust,Securitized,3821,630,
North America,United States,Schlumberger Investment SA,Corporate,1094484836,180404137,
North America,United States,Schlumberger Oilfield UK PLC,Corporate,98416805,16222060,
North America,United States,Seagate HDD Cayman,Corporate,214931432,35427188,
North America,United States,Sempra Energy,Corporate,346451571,57105676,
North America,United States,Sierra Pacific Power Co,Corporate,161484673,26617548,
North America,United States,Simon Property Group LP,Corporate,294374648,48521827,
North America,United States,Southern California Edison Co,Corporate,253794049,41832920,
North America,United States,Southern Power Co,Corporate,45918605,7568772,
North America,United States,Southwestern Electric Power Co,Corporate,27317486,4502746,
North America,United States,Southwestern Public Service Co,Corporate,142908357,23555611,
North America,United States,Southwest Airlines Co,Corporate,88686871,14618273,
North America,United States,Spectra Energy Capital LLC,Corporate,167816907,27661292,
North America,United States,Spectra Energy Partners LP,Corporate,471665144,77744652,
North America,United States,Starbucks Corp,Corporate,429627446,70815571,
North America,United States,Stryker Corp,Corporate,444706051,73300980,
North America,United States,Sunoco Inc,Corporate,41006345,6759083,
North America,United States,Swiss Re Treasury US Corp,Corporate,191769814,31609454,
North America,United States,Symantec Corp,Corporate,311163917,51289206,
North America,United States,Target Corp,Corporate,297634585,49059163,
North America,United States,TCI Communications Inc,Corporate,177430034,29245825,
North America,United States,Tennessee Valley Authority,Government Related,114471140,18868299,
North America,United States,Texas Instruments Inc,Corporate,593110451,97762505,
North America,United States,Thermo Fisher Scientific Inc,Corporate,356754043,58803834,
North America,United States,Time Warner Cable Inc,Corporate,679042610,111926718,
North America,United States,Time Warner Entertainment Co LP,Corporate,233019252,38408606,
North America,United States,Time Warner Inc,Corporate,976573965,160968866,
North America,United States,TIAA Seasoned Commercial Mortgage Trust 2007-C4,Securitized,31586156,5206352,
North America,United States,TJX Cos Inc,Corporate,256964131,42355445,
North America,United States,Toledo Edison Co/The,Corporate,31918800,5261182,
North America,United States,Toll Brothers Finance Corp,Corporate,31937899,5264330,
North America,United States,Tosco Corp,Corporate,127407109,21000537,
North America,United States,Toyota Motor Credit Corp,Corporate,197842021,32610337,
North America,United States,Travelers Cos Inc/The,Corporate,310102714,51114287,
North America,United States,Tupperware Brands Corp,Corporate,114396017,18855917,
North America,United States,Tyson Foods Inc,Corporate,123651503,20381500,
North America,United States,Unilever Capital Corp,Corporate,65329759,10768316,
North America,United States,Union Electric Co,Corporate,66746594,11001853,
North America,United States,Union Pacific Corp,Corporate,492940030,81251396,
North America,United States,UnitedHealth Group Inc,Corporate,104438949,17214691,
North America,United States,United Parcel Service Inc,Corporate,60148674,9914317,
North America,United States,United Technologies Corp,Corporate,332389437,54787812,
North America,United States,US Bancorp/MN,Corporate,118901449,19598548,
North America,United States,Valero Energy Corp,Corporate,297333975,49009614,
North America,United States,Verizon Communications Inc,Corporate,4875694268,803661582,
North America,United States,Verizon New Jersey Inc,Corporate,29603575,4879563,
North America,United States,Verizon New York Inc,Corporate,28247654,4656066,
North America,United States,Viacom Inc,Corporate,544973521,89828086,
North America,United States,Virginia Electric and Power Co,Corporate,428484765,70627223,
North America,United States,Wachovia Bank Commercial Mortgage Trust,Securitized,271315851,44721042,
North America,United States,Walt Disney Co/The,Corporate,449342948,74065281,
North America,United States,Washington Mutual Bank / Debt not acquired by JPMorgan,Corporate,89989,14833,
North America,United States,Waste Management Inc,Corporate,458260431,75535151,
North America,United States,Weatherford International LLC,Corporate,92345606,15221343,
North America,United States,WellPoint Inc,Corporate,227798923,37548138,
North America,United States,Wells Fargo & Co,Corporate,718498073,118430169,
North America,United States,Western Union Co/The,Corporate,114695280,18905244,
North America,United States,Westfield Group,Corporate,36746804,6056982,
North America,United States,Williams Partners LP,Corporate,503941553,83064779,
North America,United States,Wisconsin Electric Power Co,Corporate,137951853,22738629,
North America,United States,WM Covered Bond Program,Securitized,1707286039,281412271,
North America,United States,Wyeth LLC,Corporate,231467750,38152872,
North America,United States,Xcel Energy Inc,Corporate,115664792,19065049,
North America,United States,Xerox Corp,Corporate,380269637,62679914,
North America,United States,Yum! Brands Inc,Corporate,674329885,111149919,
North America,United States,Zimmer Holdings Inc,Corporate,151225463,24926521,
North America,United States,Zoetis Inc,Corporate,467420987,77045087,
Latin America,Uruguay,Government of Uruguay,Government,185554625,30585003,
