Region,Country,Name,Industry,Market Value(NOK),Market Value(USD),Incorporation Country
Oceania,Australia,ANZ Banking Group,Corporate,109672000,16485089,
Oceania,Australia,BHP Billiton Ltd,Corporate,113227000,17019450,
Oceania,Australia,Commonwealth Bank of Australia,Corporate,57784000,8685666,
Oceania,Australia,Fosters Brewing Group,Corporate,75901000,11408880,
Oceania,Australia,Government of Australia,Government,812508000,122130231,
Oceania,Australia,Mayne Group Ltd,Corporate,35897000,5395773,
Oceania,Australia,National Australia Bank,Corporate,563703000,84731692,
Oceania,Australia,Principal Financial Group,Corporate,169759000,25516925,
Oceania,Australia,Qantas Airways,Corporate,67798000,10190897,
Oceania,Australia,Telstra Corporation Limited,Corporate,271822000,40858285,
Europe,Austria,Asfinag,Government Related,415136000,62400192,
Europe,Austria,Bank Austria AG,Corporate,242275000,36416997,
Europe,Austria,Bank Fuer Arbeit & Wirtschaft,Corporate,460872000,69274892,
Europe,Austria,Bundes Immobiliengesell,Corporate,67351000,10123707,
Europe,Austria,Erste Bank Der Oesterreichischen Sparkassen,Corporate,85662000,12876082,
Europe,Austria,Government of Austria,Government,10952642000,1646320647,
Europe,Austria,Hypo Alpe-Adria Bank AG,Corporate,110564000,16619168,
Europe,Austria,Kommunalkredit AG,Corporate,912295000,137129479,
Europe,Austria,Pfandbrief Landeshypotheken,Government Related,533962000,80261243,
Europe,Austria,Sappi Papier Holding AG,Corporate,50723000,7624309,
Europe,Austria,Telekom Austria,Corporate,103336000,15532708,
Europe,Belgium,Dexia Credit Local,Corporate,46135000,6934674,
Europe,Belgium,Government of Belgium,Government,2362223000,355072000,
Europe,Belgium,Solvay SA,Corporate,164154000,24674423,
Latin America,Brazil,Brazil Development Fund,Government Related,14604000,2195166,
Latin America,Brazil,Cia Barsileira de Bebida,Corporate,50098000,7530363,
Latin America,Brazil,Petrobras Intl Finance,Corporate,108354000,16286977,
Latin America,Brazil,Tele Norte Leste Participacoes,Corporate,32563000,4894631,
North America,Canada,Abitibi-Consolidated,Corporate,34609000,5202171,
North America,Canada,Alberta Energy Co Ltd,Corporate,170482000,25625601,
North America,Canada,Alcan Inc,Corporate,130672000,19641655,
North America,Canada,Barrick Gold Corp,Corporate,37917000,5699405,
North America,Canada,BCE Inc,Corporate,58686000,8821248,
North America,Canada,Bombardier Inc,Corporate,93814000,14101431,
North America,Canada,Brascan Corp,Corporate,37311000,5608315,
North America,Canada,British Columbia,Government Related,70875000,10653409,
North America,Canada,Canada Mortage & Housing,Corporate,578257000,86919342,
North America,Canada,Canadian National Railway,Corporate,75571000,11359277,
North America,Canada,Canadian Natural Resources,Corporate,39046000,5869108,
North America,Canada,Canadian Pacific Railway,Corporate,237155000,35647397,
North America,Canada,Domtar Inc,Corporate,78278000,11766174,
North America,Canada,Export Development Corporation,Government Related,434678000,65337602,
North America,Canada,Government of Canada,Government,6271744000,942722463,
North America,Canada,Greater Toronto Airport,Corporate,110744000,16646224,
North America,Canada,Hydro-Quebec,Corporate,85140000,12797619,
North America,Canada,Inco Ltd,Corporate,44305000,6659602,
North America,Canada,Manufacturers Life Insurance,Corporate,127866000,19219877,
North America,Canada,Nexen Inc,Corporate,139456000,20962001,
North America,Canada,Noranda Inc,Corporate,38509000,5788390,
North America,Canada,Ontario Hydro - Global,Corporate,79284000,11917388,
North America,Canada,Ontario Prov Canada-Global,Government Related,742873000,111663209,
North America,Canada,Petro-Canada,Corporate,176878000,26587001,
North America,Canada,Placer Dome Inc,Corporate,20844000,3133117,
North America,Canada,Potash Corp Saskatchewan,Corporate,40960000,6156806,
North America,Canada,Province of Alberta,Government Related,71068000,10682419,
North America,Canada,Province of Manitoba,Government Related,81479000,12247324,
North America,Canada,Province of Newfoundland,Government Related,35587000,5349176,
North America,Canada,Province of Nova Scotia,Government Related,73678000,11074735,
North America,Canada,Province of Quebec,Government Related,587690000,88337241,
North America,Canada,Royal Bank of Canada,Corporate/Securitized,33135000,4980610,
North America,Canada,Suncor Energy Inc,Corporate,46654000,7012686,
North America,Canada,Talisman Energy,Corporate,152635000,22942971,
North America,Canada,Trans-Canada Pipelines,Corporate,38528000,5791246,
Latin America,Chile,Celulosa Arauco,Corporate,55635000,8362644,
Latin America,Chile,Corp Nacional Del Cobre - Codelco Inc,Corporate,78657000,11823142,
Latin America,Chile,Government of Chile,Government,175684000,26407528,
Asia,China,Cnooc Ltd,Government Related,37384000,5619288,
Asia,China,Government of China,Government,236315000,35521134,
Europe,Croatia,Government of Croatia,Government,48119000,7232894,
Europe,Czech Republic,Czech Export Bank,Government Related,374082000,56229257,
Europe,Denmark,Brfkredit A/S,Corporate,118475000,17808291,
Europe,Denmark,Den danske Bank,Corporate,295254000,44380411,
Europe,Denmark,Government of Denmark,Government,10107793000,1519329155,
Europe,Denmark,ISS Global A/S,Corporate,102546000,15413961,
Europe,Denmark,Nordea Kredit Realkredit,Corporate,504708000,75863997,
Europe,Denmark,Nykredit,Securitized,979919000,147294222,
Europe,Denmark,Realkredit Danmark,Securitized,1397006000,209987674,
Europe,Denmark,Tele Danmark AS (TDC AS),Corporate,118922000,17875481,
Europe,Finland,Government of Finland,Government,887035000,133332582,
Europe,Finland,Municipality Finance Plc,Government Related,94347000,14181548,
Europe,Finland,Stora Enso Oyj-Global,Corporate,77699000,11679143,
Europe,Finland,UPM-Kymmene Corp,Corporate,114234000,17170815,
Europe,France,Accor SA,Corporate,60648000,9116162,
Europe,France,Agence Francaise De Developpement,Government Related,58966000,8863336,
Europe,France,Auchan SA,Corporate,58853000,8846350,
Europe,France,Aventis SA,Corporate,353565000,53145292,
Europe,France,Axa SA,Corporate,513196000,77139851,
Europe,France,Banque Federative Du Credit Mutuel,Corporate,75578000,11360329,
Europe,France,BNP Paribas,Corporate,705736000,106081049,
Europe,France,Bouygues SA,Corporate,84152000,12649110,
Europe,France,Caisse Centrale du Credit Immobilier de France,Corporate,188999000,28408941,
Europe,France,Caisse D’amortissement de La Dette Sociale,Government Related,549987000,82670004,
Europe,France,Caisse Nationale des Autoroutes,Corporate,203743000,30625150,
Europe,France,Caisse Nationale des Caisses,Corporate,339884000,51088865,
Europe,France,Caisse Refinance Hypothec,Securitized,934071000,140402688,
Europe,France,Carrefour SA,Corporate,242499000,36450667,
Europe,France,Casino Guichard,Corporate,230295000,34616252,
Europe,France,CDC Ixis,Government Related,1902553000,285977784,
Europe,France,CIF Euromortgage,Securitized,2172014000,326481181,
Europe,France,Cofiroute,Corporate,74855000,11251653,
Europe,France,Credit Agricole,Corporate,107737000,16194234,
Europe,France,Credit Foncier de France,Corporate,1959844000,294589346,
Europe,France,Credit Lyonnais,Corporate,185351000,27860600,
Europe,France,Dexia Municipal agency,Securitized,4552148000,684245430,
Europe,France,Electricite de France,Government Related,308994000,46445707,
Europe,France,ERAP,Corporate,682991000,102662187,
Europe,France,France Telecom,Corporate,974405000,146465398,
Europe,France,Gaz de France,Government Related,44947000,6756103,
Europe,France,Gecina,Corporate,26645000,4005081,
Europe,France,Government of France,Government,8276101000,1244002676,
Europe,France,Imerys SA,Corporate,137684000,20695647,
Europe,France,Lafarge,Corporate,147835000,22221471,
Europe,France,La Poste,Government Related,297625000,44736803,
Europe,France,Natexis Banque,Corporate,24877000,3739328,
Europe,France,Peugeot SA,Corporate,44939000,6754900,
Europe,France,Regie Autonome des Transports Parisiens,Government Related,256741000,38591420,
Europe,France,Reseau Ferre de France SA,Government Related,516443000,77627916,
Europe,France,Saint-Gobain Nederland BV,Corporate,108292000,16277658,
Europe,France,Schneider SA,Corporate,27657000,4157197,
Europe,France,SNCF,Government Related,416153000,62553060,
Europe,France,Societe Generale,Corporate,467679000,70298070,
Europe,France,Societe Telelevision Francais,Corporate,192756000,28973665,
Europe,France,Sodexho Alliance SA,Corporate,55830000,8391955,
Europe,France,Suez,Corporate,193579000,29097373,
Europe,France,Total SA,Corporate,66004000,9921236,
Europe,France,Vauban Mobilisations Gara,Corporate,1335852000,200795455,
Europe,France,Vinci,Corporate,157038000,23604798,
Europe,France,Vivendi Environnement,Corporate,420708000,63237734,
Europe,Germany,Allgemeine Hypothekenbank Rheinboden AG,Securitized,1889467000,284010792,
Europe,Germany,Allianz Finance BV,Corporate,412902000,62064394,
Europe,Germany,Bayerische Hypothekenbank,Securitized,4899576000,736468254,
Europe,Germany,Bayerische Landesbank,Corporate/Securitized,5848396000,879087903,
Europe,Germany,Bayer Corp,Corporate,345114000,51875000,
Europe,Germany,BASF AG,Corporate,132122000,19859608,
Europe,Germany,Berlin Hannover Hypobank AG,Securitized,695434000,104532528,
Europe,Germany,BMW AG,Corporate,309377000,46503277,
Europe,Germany,Bremer Landesbank Kreditanstalt,Corporate,85336000,12827080,
Europe,Germany,Daimlerchrysler,Corporate,1330102000,199931157,
Europe,Germany,Degussa AG,Corporate,59484000,8941198,
Europe,Germany,Deka Bank Deutsche Girozentrale,Corporate,885157000,133050295,
Europe,Germany,Depfa Bank AG,Corporate,2871762000,431662157,
Europe,Germany,Deutsche Bank AG,Corporate,731719000,109986622,
Europe,Germany,Deutsche Bundesbahn,Corporate,382526000,57498497,
Europe,Germany,Deutsche Bundespost,Corporate,444564000,66823593,
Europe,Germany,Deutsche Genossenschafts Hypothekenbank,Corporate,1193774000,179439334,
Europe,Germany,Deutsche Hypothekenbank,Corporate,450200000,67670755,
Europe,Germany,Deutsche Postbank,Corporate,962280000,144642857,
Europe,Germany,Deutsche Post Finance,Corporate,166780000,25069144,
Europe,Germany,Deutsche Telekom,Corporate,914474000,137457011,
Europe,Germany,Dresdner Bank AG,Corporate,22794000,3426227,
Europe,Germany,Eurohypo AG,Securitized,4433419000,666398960,
Europe,Germany,Gemeinsame Bundeslaender,Government Related,238714000,35881734,
Europe,Germany,Government of Germany,Government,56066967000,8427574405,
Europe,Germany,Hannover Rueckversicherung,Corporate,27854000,4186809,
Europe,Germany,Henkel Kgaa,Corporate,33299000,5005261,
Europe,Germany,Hsh Nordbank AG,Government Related,1454105000,218570376,
Europe,Germany,Hypothekenbank In Essen,Securitized,2462573000,370155874,
Europe,Germany,Hypo Real Estate Bank AG,Corporate/Securitized,996314000,149758598,
Europe,Germany,Ikb Deutsche Industribank,Corporate,62086000,9332311,
Europe,Germany,Kreditanstalt Fur Wiedera,Government Related,4672754000,702374038,
Europe,Germany,Landesbank Baden Wuerttemberg,Government Related,563801000,84746423,
Europe,Germany,Landesbank Berlin,Government Related,1076511000,161813222,
Europe,Germany,Landesbank Hessen-Thuringen Girozentrale,Government Related,1514509000,227649862,
Europe,Germany,Landesbank Nrw,Government Related,1347819000,202594246,
Europe,Germany,Landesbank Rheinland Pfalz,Government Related,868951000,130614328,
Europe,Germany,Landesbank Sachsen Girozentrale,Securitized,348651000,52406656,
Europe,Germany,Landeskreditbank Baden-Wuerttemberg,Government Related,5974507000,898043981,
Europe,Germany,Land Berlin,Government Related,228155000,34294583,
Europe,Germany,Land Brandenburg,Government Related,482083000,72463173,
Europe,Germany,Land Hessen,Government Related,519026000,78016174,
Europe,Germany,Land Nordrhein Westfalen,Government Related,838228000,125996272,
Europe,Germany,Linde Finance BV,Corporate,94177000,14155994,
Europe,Germany,Muenchener Rueckversicherung,Corporate,152426000,22911556,
Europe,Germany,Norddeutsche Landesbank,Government Related,696055000,104625872,
Europe,Germany,Rentenbank,Government Related,6570903000,987689845,
Europe,Germany,Robert Bosch Gmbh,Corporate,63285000,9512536,
Europe,Germany,Rwe Finance BV,Corporate,560732000,84285113,
Europe,Germany,Seb Hypothekenbank AG,Securitized,169095000,25417118,
Europe,Germany,Siemens Financieringsmat,Corporate,276860000,41615560,
Europe,Germany,Suedzucker AG,Corporate,103637000,15577952,
Europe,Germany,Volkswagen AG,Corporate,69135000,10391865,
Europe,Germany,Westlb AG,Corporate,1998912000,300461760,
Europe,Greece,Coca-Cola Hellenic Bottling,Corporate,24371000,3663270,
Europe,Greece,Government of Greece,Government,7549820000,1134833454,
Europe,Greece,OTE Plc,Corporate,131709000,19797529,
Europe,Greece,Public Power Corp,Corporate,35245000,5297769,
Asia,Hong Kong,Bank of East Asia,Corporate,36854000,5539622,
Asia,Hong Kong,China Light & Power,Corporate,37589000,5650102,
Asia,Hong Kong,Hongkong Land Finance,Corporate,75090000,11286977,
Asia,Hong Kong,Hutchison Whamp Intl Ltd,Corporate,424794000,63851912,
Asia,Hong Kong,Kowloon-Canton Railway,Corporate,158106000,23765332,
Asia,Hong Kong,MTR Corp,Corporate,118903000,17872625,
Asia,Hong Kong,PCCW Capital Ltd,Corporate,34381000,5167899,
Europe,Hungary,Government of Hungary,Government,334881000,50336851,
Europe,Hungary,National Bank of Hungary,Government Related,19158000,2879690,
Europe,Ireland,Allied Irish Banks Ltd,Corporate,30783000,4627074,
Europe,Ireland,Bank of Ireland,Corporate,164851000,24779191,
Europe,Ireland,Chalet Finance Plc,Corporate,26012000,3909933,
Europe,Ireland,Government of Ireland,Government,1135924000,170743747,
Middle East,Israel,Government of Israel,Government,98153000,14753638,
Middle East,Israel,Israel Electric Corp,Corporate,71734000,10782528,
Europe,Italy,Assicurazioni Generali Spa,Corporate,243873000,36657197,
Europe,Italy,Banca Intesa Spa,Corporate,189332000,28458995,
Europe,Italy,City of Rome,Government Related,103120000,15500241,
Europe,Italy,Edison Spa,Corporate,51190000,7694505,
Europe,Italy,Ente Nazionale Per L’energi,Corporate,191506000,28785774,
Europe,Italy,ENI Spa,Corporate,141619000,21287127,
Europe,Italy,Fiat Finance & Trade,Corporate,26354000,3961340,
Europe,Italy,Finmeccanica Finance SA,Corporate,85013000,12778529,
Europe,Italy,Government of Italy,Government,31035391000,4665011875,
Europe,Italy,Lottomatica Spa,Corporate,21149000,3178962,
Europe,Italy,Monte Dei Paschi Di Siena,Corporate,125303000,18834626,
Europe,Italy,Poste Italiane Spa,Government Related,364848000,54841270,
Europe,Italy,Region of Lombardy,Government Related,68660000,10320467,
Europe,Italy,Region of Sicily,Government Related,140033000,21048731,
Europe,Italy,Sanpaolo IMI Spa,Corporate,121548000,18270202,
Europe,Italy,Telecom Italia,Corporate,1371851000,206206560,
Asia,Japan,American Honda Finance,Corporate,33712000,5067340,
Asia,Japan,City of Kobe,Government Related,125522000,18867544,
Asia,Japan,Development Bank of Japan,Government Related,730120000,109746272,
Asia,Japan,Export-Import Bank of Japan,Government Related,296530000,44572210,
Asia,Japan,Government of Japan,Government,39045222000,5868990801,
Asia,Japan,Japan Finance Corp For Municipal Enterprises,Government Related,281081000,42250030,
Asia,Japan,Sharp,Corporate,2523000,379239,
Asia,Japan,Sony Corp,Corporate,35636000,5356542,
Asia,Japan,Takefuji Corp,Corporate,38984000,5859788,
Asia,Japan,Tokyo Electric Power Co Inc,Corporate,246252000,37014791,
Asia,Japan,Toyota Motor Corp,Corporate,272706000,40991162,
Asia,Japan,UFJ Bank Ltd,Corporate,140646000,21140873,
Europe,Luxembourg,Holcim Finance Luxembourg,Corporate,34073000,5121603,
Europe,Luxembourg,Michelin Finance,Corporate,155027000,23302519,
Europe,Luxembourg,Pfandbriefbank International,Corporate,85909000,12913209,
Europe,Luxembourg,SES Global SA,Corporate,74394000,11182359,
Asia,Malaysia,Government of Malaysia,Government,59246000,8905423,
Asia,Malaysia,Petronas Capital Ltd,Corporate,152168000,22872775,
Asia,Malaysia,Tenaga Nasional Berhad,Government Related,54343000,8168440,
Latin America,Mexico,Government of Mexico,Government,1091363000,164045665,
Latin America,Mexico,Petroleos Mexicanos,Corporate,789901000,118732113,
Latin America,Mexico,Telefonos De Mexico S.A.,Corporate,100475000,15102664,
Europe,Netherlands,ABN Amro Bank NV,Corporate,589184000,88561809,
Europe,Netherlands,ABN Amro Bouwfonds Nederland Gemeenten,Corporate,251377000,37785143,
Europe,Netherlands,Akzo Nobel Inc,Corporate,126011000,18941047,
Europe,Netherlands,Bank Nederlandsche Gemeenten,Corporate,2687260000,403929173,
Europe,Netherlands,DSM NV,Corporate,66845000,10047649,
Europe,Netherlands,Eneco Holding Inv,Corporate,85050000,12784091,
Europe,Netherlands,Essent NV,Corporate,67321000,10119198,
Europe,Netherlands,E. On AG,Corporate,637864000,95879028,
Europe,Netherlands,Fortis Finance NV,Corporate,120222000,18070887,
Europe,Netherlands,Government of the Netherlands,Government,3645049000,547896976,
Europe,Netherlands,ING Bank,Corporate,1044858000,157055375,
Europe,Netherlands,Koninklijke Kpn NV,Corporate,264432000,39747475,
Europe,Netherlands,Metro Finance BV,Corporate,54661000,8216240,
Europe,Netherlands,Nederlandse Waterschapsbank,Corporate,1168880000,175697451,
Europe,Netherlands,NIB Capital Bank,Corporate,66660000,10019841,
Europe,Netherlands,Rabobank,Corporate,785742000,118106962,
Europe,Netherlands,Schipol Nederland BV,Corporate,25270000,3798401,
Europe,Netherlands,Shell Finance Uk Plc,Corporate,144846000,21772186,
Europe,Netherlands,SNS Bank Nederland,Corporate,277781000,41753998,
Europe,Netherlands,TPG NV,Corporate,93691000,14082943,
Europe,Netherlands,TPSA Eurofinance BV,Corporate,65823000,9894030,
Europe,Netherlands,Transamerica Financial Corp,Corporate,126246000,18976371,
Europe,Netherlands,Unilever NV,Corporate,434995000,65385251,
Europe,Netherlands,Union Fenosa,Corporate,59591000,8957281,
Europe,Netherlands,Verenigd Bezit Vnu NV,Corporate,93160000,14003127,
Europe,Netherlands,Wolters Kluwer NV,Corporate,92437000,13894450,
Oceania,New Zealand,Fonterra Co-Operative,Corporate,136430000,20507155,
Oceania,New Zealand,Government of New Zealand,Government,1243419000,186901605,
Oceania,New Zealand,TCNZ Finance Ltd,Corporate,86773000,13043080,
Europe,Poland,Government of Poland,Government,701226000,105403139,
Europe,Portugal,Banco Comercial Portugues,Corporate,23924000,3596080,
Europe,Portugal,Banco Espirito Santo S.A,Corporate,188148000,28281025,
Europe,Portugal,Brisa-Auto-Estrada De Portugal,Corporate,85308000,12822872,
Europe,Portugal,Electricidade De Portugal,Corporate,147642000,22192460,
Europe,Portugal,Government of Portugal,Government,2775138000,417138348,
Europe,Portugal,Portugal Telecom Intl Fin,Corporate,154794000,23267496,
Middle East,Qatar,Government of Qatar,Government,94740000,14240620,
Asia,Singapore,Development Bank of Singapore,Corporate,318209000,47830838,
Asia,Singapore,Government of Singapore,Government,1265737000,190256283,
Asia,Singapore,Oversea-Chinese Banking,Corporate,111519000,16762716,
Asia,Singapore,Singapore Power,Corporate,33695000,5064785,
Asia,Singapore,Singapore Telecommunications,Corporate,231705000,34828193,
Asia,Singapore,United Overseas Bank Ltd,Corporate,32575000,4896435,
Europe,Slovenia,Government of Slovenia,Government,144178000,21671777,
Africa,South Africa,Government of South Africa,Government,116047000,17443332,
Asia,South Korea,Export-Import Bank of Korea,Government Related,187859000,28237584,
Asia,South Korea,Government of Korea,Government,93505000,14054984,
Asia,South Korea,Hyundai Motor Co Ltd,Corporate,127808000,19211159,
Asia,South Korea,Korea Development Bank,Government Related,146312000,21992544,
Asia,South Korea,LG-Caltex Oil Corp,Corporate,77713000,11681247,
Asia,South Korea,POSCO,Corporate,74096000,11137566,
Europe,Spain,Ayt Cedulas Cajas Ii Fta,Corporate,2895767000,435270412,
Europe,Spain,Banco Bilbao Vizcaya SA,Corporate,1485255000,223252615,
Europe,Spain,Banco Sabadell,Corporate,104361000,15686778,
Europe,Spain,Banco Santander SA,Corporate,2228889000,335030213,
Europe,Spain,Caja De Madrid,Corporate,427744000,64295334,
Europe,Spain,Cedulas Tda,Securitized,2421197000,363936538,
Europe,Spain,Endesa,Corporate,211777000,31832762,
Europe,Spain,Generalitat de Valenciana,Government Related,257517000,38708063,
Europe,Spain,Government of Spain,Government,19903546000,2991754750,
Europe,Spain,Iberdrola,Corporate,233054000,35030964,
Europe,Spain,Radio TV Espanola,Corporate,443616000,66681097,
Europe,Spain,Red Electrica de Espana,Corporate,57587000,8656055,
Europe,Spain,Repsol Ypf SA,Corporate,258479000,38852664,
Europe,Spain,Telefonica Europe BV,Corporate,442068000,66448413,
Europe,Sweden,Birka Energi AB,Corporate,179341000,26957221,
Europe,Sweden,Electrolux AB,Corporate,66563000,10005261,
Europe,Sweden,Government of Sweden,Government,2940934000,442059584,
Europe,Sweden,Investor AB,Corporate,162312000,24397547,
Europe,Sweden,Lansforsakringar AB,Corporate,16998000,2555014,
Europe,Sweden,Nordbanken AB,Corporate,328592000,49391534,
Europe,Sweden,Scania Cv AB,Corporate,140674000,21145082,
Europe,Sweden,SCA Coordination Center,Corporate,177513000,26682449,
Europe,Sweden,Securitas AB,Corporate,76261000,11462993,
Europe,Sweden,SEB AB,Corporate,141058000,21202802,
Europe,Sweden,Spintab AB,Corporate,456518000,68620430,
Europe,Sweden,Svenska Handelsbanken,Corporate,495466000,74474808,
Europe,Sweden,Swedish Natl Housing Fin,Securitized,96774000,14546356,
Europe,Sweden,Teliasonera AB,Corporate,89004000,13378427,
Europe,Sweden,Vattenfall Treasury AB,Government Related,100151000,15053962,
Europe,Sweden,Volvo Group Finance Europe BV,Corporate,239187000,35952832,
Europe,Switzerland,Adecco S.A.,Corporate,46334000,6964586,
Europe,Switzerland,Ciba Special Chemical,Corporate,33434000,5025553,
Europe,Switzerland,Credit Suisse First Boston,Corporate,1457220000,219038600,
Europe,Switzerland,Government of Switzerland,Government,2414078000,362866462,
Europe,Switzerland,Nestle Holding (Emtn),Corporate,48880000,7347282,
Europe,Switzerland,Syngenta AG,Corporate,136052000,20450337,
Europe,Switzerland,UBS AG,Corporate,128765000,19355008,
Europe,United Kingdom,Abbey National Plc,Securitized,211879000,31848094,
Europe,United Kingdom,Allied Breweries Ltd,Corporate,166142000,24973244,
Europe,United Kingdom,Amvescap Plc,Corporate,62271000,9360119,
Europe,United Kingdom,Anglian Water Plc,Securitized,62522000,9397848,
Europe,United Kingdom,Anglo American Capital,Corporate,80352000,12077922,
Europe,United Kingdom,Aviva Plc,Corporate,343892000,51691318,
Europe,United Kingdom,Bank of Englang Notes,Government Related,539909000,81155153,
Europe,United Kingdom,Barclays Bank Plc,Corporate,615895000,92576810,
Europe,United Kingdom,BAA Plc,Corporate,282330000,42437771,
Europe,United Kingdom,BAE System Plc,Corporate,51810000,7787698,
Europe,United Kingdom,BG Energy Capital Plc,Corporate,74241000,11159361,
Europe,United Kingdom,Boots Co Ltd,Corporate,62462000,9388829,
Europe,United Kingdom,BOC Group Plc,Corporate,62886000,9452561,
Europe,United Kingdom,BP Plc,Corporate,65350000,9822932,
Europe,United Kingdom,British Telecom Plc,Corporate,539577000,81105249,
Europe,United Kingdom,Cadbury Schweppes Fin,Corporate,287771000,43255622,
Europe,United Kingdom,Carnical Plc,Corporate,39518000,5940055,
Europe,United Kingdom,Centrica Plc,Corporate,24804000,3728355,
Europe,United Kingdom,Clerial Medical Fin Plc,Corporate,76165000,11448563,
Europe,United Kingdom,Compass Group Plc,Corporate,212073000,31877255,
Europe,United Kingdom,Daily Mail & General Trust,Corporate,57420000,8630952,
Europe,United Kingdom,Diageo Plc,Corporate,276160000,41510342,
Europe,United Kingdom,Dixons Group Plc,Corporate,36786000,5529401,
Europe,United Kingdom,FKI Plc,Corporate,23558000,3541065,
Europe,United Kingdom,Friends Provident Plc,Corporate,31222000,4693062,
Europe,United Kingdom,Gallaher Group Plc,Corporate,51595000,7755381,
Europe,United Kingdom,Glaxo Smithkline,Corporate,150977000,22693753,
Europe,United Kingdom,Gracechurch Card Funding Plc,Corporate,43243000,6499970,
Europe,United Kingdom,Great Universal Stores Plc,Corporate,128680000,19342232,
Europe,United Kingdom,Hanson Plc,Corporate,43668000,6563853,
Europe,United Kingdom,HBOS Plc,Corporate,1578790000,237312109,
Europe,United Kingdom,Hilton Group Finance Plc,Corporate,126234000,18974567,
Europe,United Kingdom,HSBC Holdings,Corporate,2385515000,358573082,
Europe,United Kingdom,Imperial Chemical Industries,Corporate,26988000,4056638,
Europe,United Kingdom,Imperial Tobacco O/S BV-Global,Corporate,108416000,16296296,
Europe,United Kingdom,Jardine Strategic Holding Ltd,Corporate,36295000,5455598,
Europe,United Kingdom,Kelda Group Plc,Corporate,111114000,16701840,
Europe,United Kingdom,Kingfisher Plc,Corporate,142933000,21484638,
Europe,United Kingdom,Land Securities Plc,Corporate,145725000,21904311,
Europe,United Kingdom,LCR Finance Plc,Government Related,357898000,53796597,
Europe,United Kingdom,Legal And General Group Plc,Corporate,87223000,13110720,
Europe,United Kingdom,Lloyds Bank Plc,Corporate,252512000,37955748,
Europe,United Kingdom,Marks & Spencer Finance,Corporate,265816000,39955507,
Europe,United Kingdom,MMO2 Plc,Corporate,191517000,28787428,
Europe,United Kingdom,Mound Financing Plc,Corporate,9389000,1411285,
Europe,United Kingdom,National Grid Transco Plc,Corporate,666500000,100183381,
Europe,United Kingdom,Nationwide Building Society,Corporate/Securitized,83161000,12500150,
Europe,United Kingdom,Northern Rock Plc,Corporate/Securitized,135299000,20337151,
Europe,United Kingdom,Pearson Plc,Corporate,153442000,23064274,
Europe,United Kingdom,Pilkington Plc,Corporate,46947000,7056728,
Europe,United Kingdom,Prudential Plc,Corporate,189549000,28491613,
Europe,United Kingdom,Rentokil Initial,Corporate,61578000,9255952,
Europe,United Kingdom,Rexam Plc,Corporate,256735000,38590518,
Europe,United Kingdom,Rio Tinto Plc,Corporate,137239000,20628758,
Europe,United Kingdom,Rolls-Royce Plc,Corporate,94064000,14139009,
Europe,United Kingdom,Royal Bank of Scotland Group,Corporate,1113754000,167411316,
Europe,United Kingdom,Safeway Plc,Corporate,73841000,11099236,
Europe,United Kingdom,Sainsbury Plc,Corporate,121023000,18191288,
Europe,United Kingdom,Schlumberger Tech Corp,Corporate,90024000,13531746,
Europe,United Kingdom,Severn Trent,Corporate,109459000,16453072,
Europe,United Kingdom,Six Continents Plc,Corporate,50553000,7598755,
Europe,United Kingdom,Smiths Group Plc,Corporate,70024000,10525493,
Europe,United Kingdom,Standard Chartered Bank,Corporate,27533000,4138558,
Europe,United Kingdom,Tate and Lyle Intl Fin Plc,Corporate,70600000,10612073,
Europe,United Kingdom,Tesco Plc,Corporate,231031000,34726882,
Europe,United Kingdom,Tomkins Plc,Corporate,53896000,8101251,
Europe,United Kingdom,United Kingdom Government,Government,13577917000,2040932690,
Europe,United Kingdom,United Utilites Plc,Corporate,279178000,41963985,
Europe,United Kingdom,Vodafone Group Plc,Corporate,903180000,135759380,
Europe,United Kingdom,Wessex Water Services Finance,Corporate,24709000,3714075,
Europe,United Kingdom,WPP Group Plc,Corporate,46477000,6986081,
North America,United States,Aames Mortgage Trust,Securitized,910000,136785,
North America,United States,Abbott Laboratories,Corporate,110099000,16549272,
North America,United States,Abn Amro Mortgage Corp,Securitized,68926000,10360450,
North America,United States,Access Group,Corporate,18304000,2751323,
North America,United States,ACE Ltd,Corporate/Securitized,29018000,4361772,
North America,United States,Aetna Inc,Corporate,8815000,1325006,
North America,United States,Aflac Inc,Corporate,58873000,8849357,
North America,United States,Albama Power Co,Corporate,157291000,23642827,
North America,United States,Albertson’s Inc,Corporate,93484000,14051828,
North America,United States,Alcoa Inc,Corporate,73020000,10975830,
North America,United States,Alliant Energy Resources,Corporate,68872000,10352333,
North America,United States,Allstate Corp,Corporate,213647000,32113847,
North America,United States,Amerada Hess Corp,Corporate,138284000,20785835,
North America,United States,American Airlines,Corporate,34333000,5160684,
North America,United States,American Electric Power,Corporate,187009000,28109818,
North America,United States,American Express Co,Corporate,110966000,16679594,
North America,United States,American Express Credit Account Master Trust,Corporate,66281000,9962873,
North America,United States,American Express Master Trust,Securitized,35499000,5335949,
North America,United States,American International Group,Corporate,1416549000,212925234,
North America,United States,Americredit Automobile Receivables Trust,Securitized,44801000,6734157,
North America,United States,Ameriquest Mortgage Securities Inc.,Securitized,5535000,831981,
North America,United States,Amortizing Residential Collateral Trust,Securitized,7495000,1126593,
North America,United States,Amsouth Bank,Corporate,77589000,11662608,
North America,United States,Anadarko Petroleum,Corporate,145024000,21798942,
North America,United States,"Anheuser-Busch Co.,Inc.",Corporate,128664000,19339827,
North America,United States,Anthem Inc,Corporate,18621000,2798972,
North America,United States,Apache Finance Canada,Corporate,29933000,4499309,
North America,United States,Aq Finance Nim Trust,Securitized,2291000,344366,
North America,United States,Archer-Daniels-Midland,Corporate,128937000,19380862,
North America,United States,Arc Net Interest Margin Trust,Securitized,1008000,151515,
North America,United States,Argent Securities Inc,Securitized,546000,82071,
North America,United States,Ashland Inc,Corporate,29572000,4445046,
North America,United States,Asset Backed Funding Certificates,Securitized,1591000,239147,
North America,United States,Asset Backed Securities Corp Home Equity,Securitized,3345000,502796,
North America,United States,Asset Securitization Corporati,Securitized,9025000,1356572,
North America,United States,Atmos Energy Corp,Corporate,16774000,2521344,
North America,United States,AT&T Corp,Corporate,508478000,76430676,
North America,United States,AT&T Wireless Group,Corporate,476586000,71636905,
North America,United States,Banca Pop Bergamo,Corporate,52341000,7867514,
North America,United States,Banc of America Large Loan,Securitized,1368000,205628,
North America,United States,Banc One Corp,Corporate,551519000,82900283,
North America,United States,Bank of America Alternative Loan Trust,Securitized,30841000,4635792,
North America,United States,Bank of America Corp,Corporate,1755840000,263924964,
North America,United States,Bank of America Funding Corporation,Corporate,15314000,2301888,
North America,United States,Bank of America Mortgage Securities,Securitized,143161000,21518909,
North America,United States,Bank of New York,Corporate,107056000,16091871,
North America,United States,Bank One Issuance Trust,Securitized,45292000,6807961,
North America,United States,Baxter International Inc,Corporate,106371000,15988907,
North America,United States,Bayview Financial Acquisition Trust,Securitized,16576000,2491582,
North America,United States,Ba Master Credit Card Trust,Securitized,64126000,9638949,
North America,United States,BB&T Corporation,Corporate,20105000,3022036,
North America,United States,"Bear Stearns Asset Backed Securities, Inc",Securitized,7886000,1185366,
North America,United States,"Bear Stearns Co, Inc",Corporate,457576000,68779461,
North America,United States,Beckman Coulter Inc,Corporate,86106000,12942821,
North America,United States,Bellsouth Tele,Corporate,144926000,21784211,
North America,United States,BMW Floorplan Master Owner Trust,Securitized,10027000,1507185,
North America,United States,Boeing Co,Corporate,237774000,35740440,
North America,United States,Boston Scientifc,Corporate,35863000,5390663,
North America,United States,Bristol-Myers Squibb,Corporate,265539000,39913871,
North America,United States,Bunge Ltd Finance Corp,Corporate,33443000,5026906,
North America,United States,Burlington North Santa Fe,Corporate,109259000,16423010,
North America,United States,Burlington Resources Inc,Corporate,95343000,14331259,
North America,United States,Cabot Corp,Corporate,36733000,5521435,
North America,United States,Campbell Soup,Corporate,99645000,14977904,
North America,United States,Capital Auto Receivables Asset,Securitized,36445000,5478145,
North America,United States,Capital One Bank,Securitized,247617000,37219968,
North America,United States,Capital One Master Trust,Securitized,13277000,1995701,
North America,United States,Capital One Multi-Asset Execution Trust,Securitized,6258000,940657,
North America,United States,Capital One Prime Auto Receivables,Securitized,33248000,4997595,
North America,United States,Cardinal Health,Corporate,69053000,10379539,
North America,United States,Cargill Inc,Corporate,85059000,12785444,
North America,United States,Caterpillar Inc,Corporate,94903000,14265121,
North America,United States,Cdc Mortgage Capital Trust,Securitized,264000,39683,
North America,United States,Cendant Corp,Corporate,55227000,8301317,
North America,United States,Centerpoint Energy,Corporate,57958000,8711821,
North America,United States,Centex Corporation,Corporate,46297000,6959025,
North America,United States,Centex Home Equity,Securitized,4998000,751263,
North America,United States,Centurytel Inc,Corporate,30349000,4561839,
North America,United States,Chase Commercial Mortgage Securities Corp,Securitized,2816000,423280,
North America,United States,Chase Credit Card Master Trust,Securitized,93292000,14022968,
North America,United States,Chase Funding Loan Acquisition Trust,Securitized,9071000,1363486,
North America,United States,Chase Funding Mortgage Loan Asset-Backed,Securitized,30163000,4533880,
North America,United States,Chase Funding Net Interest Margin,Securitized,4505000,677158,
North America,United States,Chesapeake Funding Llc,Corporate,33687000,5063582,
North America,United States,Chevron Phillips Chemical Co,Corporate,262387000,39440085,
North America,United States,Cinergy Corp,Corporate,49083000,7377796,
North America,United States,Cingular Wireless Llc,Corporate,155548000,23380832,
North America,United States,Cintas Corp No,Corporate,235580000,35410654,
North America,United States,Citibank Credit Card Issuance,Securitized,96592000,14519000,
North America,United States,Citicorp Mortgage Securities,Securitized,108721000,16342142,
North America,United States,Citifinancial Mortgage Securities Inc.,Securitized,6880000,1034151,
North America,United States,Citigroup Inc,Corporate,1721860000,258817340,
North America,United States,Citizens Communications,Corporate,145101000,21810516,
North America,United States,Cit Group Inc,Corporate,490010000,73654702,
North America,United States,Clear Channel Communicat,Corporate,33433000,5025403,
North America,United States,Clorox Co.,Corporate,38451000,5779672,
North America,United States,CNH Equipment Trust,Corporate,16126000,2423942,
North America,United States,CNH Wholesale Master Note Trust,Securitized,20491000,3080057,
North America,United States,Coca-Cola Co,Corporate,37334000,5611772,
North America,United States,Coca-Cola Enterprises Inc.,Corporate,147347000,22148118,
North America,United States,Colgate Palmolive Co,Corporate,50340000,7566739,
North America,United States,College Loan Corporation Trust,Securitized,17530000,2634981,
North America,United States,Collegiate Funding Services,Corporate,6843000,1028589,
North America,United States,Comcast Corp,Corporate,629280000,94588745,
North America,United States,Commercial Mortgage Acceptance,Securitized,12242000,1840127,
North America,United States,Computer Sciences Corp,Corporate,29634000,4454365,
North America,United States,Conagra Foods Inc,Corporate,197466000,29681638,
North America,United States,Conocophillips,Corporate,487635000,73297709,
North America,United States,Conseco Finance,Corporate,626000,94096,
North America,United States,Conseco Finance Securitization,Securitized,22926000,3446068,
North America,United States,Conseco Recreational Enthusiast Consumer Trust,Securitized,453000,68092,
North America,United States,Constellation Energy,Corporate,128547000,19322240,
North America,United States,Coors Brewing Co,Corporate,54686000,8219998,
North America,United States,Costa Finance SA,Corporate,100618000,15124158,
North America,United States,Costco Wholesale Corp,Corporate,21743000,3268248,
North America,United States,Countrywide Home Loans,Securitized,447257000,67228385,
North America,United States,Cox Enterprises,Corporate,172899000,25988907,
North America,United States,Credit-Based Asset Servicing And Securitization,Securitized,611000,91841,
North America,United States,Crest Ltd,Securitized,1436000,215849,
North America,United States,CRH America Inc,Corporate,66251000,9958363,
North America,United States,Cs First Boston Mortgage Securities,Securitized,187200000,28138528,
North America,United States,CSX Corp,Corporate,192609000,28951569,
North America,United States,Daimler Chrysler Master Owner Trust,Securitized,82270000,12366222,
North America,United States,Deere John Capital Corp,Corporate,129889000,19523960,
North America,United States,Delhaize America Inc,Corporate,51469000,7736442,
North America,United States,Delta Air Lines,Corporate,33897000,5095148,
North America,United States,Dentsply International Inc,Corporate,112789000,16953614,
North America,United States,Detroit Edison Securitization,Securitized,8815000,1325006,
North America,United States,Deutsche Mortgage And Asset Receiving Corp,Securitized,925000,139039,
North America,United States,Devon Energy Corp,Corporate,147981000,22243416,
North America,United States,Discover Card Master Trust I,Securitized,105696000,15887446,
North America,United States,Distribution Financial Svcs Floorplan Mastert Trust,Corporate,11395000,1712813,
North America,United States,DLJ Commercial Mortgage Corp,Securitized,6822000,1025433,
North America,United States,Dominion Resources Inc,Corporate,210581000,31652988,
North America,United States,Dover Corp,Corporate,14871000,2235299,
North America,United States,Dow Chemical,Corporate,371623000,55859638,
North America,United States,DPL Inc,Corporate,34369000,5166095,
North America,United States,DTE Energy Co,Corporate,107798000,16203403,
North America,United States,Duke Energy Corp,Corporate,440712000,66244589,
North America,United States,Dupont E. I. De Nemours-Global,Corporate,43585000,6551377,
North America,United States,Eastman Chemical,Corporate,38520000,5790043,
North America,United States,Eastman Kodak Company,Corporate,12654000,1902056,
North America,United States,Ecolab Inc,Corporate,82881000,12458063,
North America,United States,Edison International,Corporate,77918000,11712061,
North America,United States,Education Funding Capital Trust I,Securitized,52059000,7825126,
North America,United States,Eli Lilly Co,Corporate,87220000,13110269,
North America,United States,Emerson Electric,Corporate,47802000,7185245,
North America,United States,Encore Credit Corporation,Corporate,1193000,179323,
North America,United States,Enterprise Products Operating,Corporate,13514000,2031325,
North America,United States,Entertainment Properties Trust,Securitized,1166000,175265,
North America,United States,EOP Operating Lp,Corporate,181796000,27326239,
North America,United States,ERP Operating Lp,Corporate,39982000,6009800,
North America,United States,Estee Lauder Cos Inc,Corporate,82066000,12335558,
North America,United States,Exelon Corp,Corporate,142529000,21423912,
North America,United States,Federal Home Loan Banks,Government Related,1564093000,235102964,
North America,United States,Federal Home Loan Mortgage Corp,Securitized,12495304000,1878202261,
North America,United States,Federal National Mortgage Association,Corporate/Securitized,12356545000,1857345028,
North America,United States,Federated Department Stores,Corporate,31148000,4681938,
North America,United States,Ffca Secured Lending Corporation,Corporate,1307000,196459,
North America,United States,Fidelity International,Corporate,189257000,28447721,
North America,United States,First Energy Corp,Corporate,173354000,26057299,
North America,United States,First Franklin Mtg Loan Asset Backed Certificates,Securitized,70015000,10524140,
North America,United States,First Franklin Nim Trust,Securitized,927000,139340,
North America,United States,First Horizon Asset Securities Inc,Securitized,13602000,2044553,
North America,United States,First National Master Note Trust,Securitized,27885000,4191468,
North America,United States,First Union-Lehman Brothers-Bank of America,Securitized,2115000,317911,
North America,United States,First Usa Credit Card Master Trust,Securitized,40494000,6086760,
North America,United States,Fleetboston Financial Corp,Corporate,480483000,72222673,
North America,United States,Fleet Credit Card Master Trust,Securitized,65464000,9840067,
North America,United States,Ford Credit Auto Owner Trust,Securitized,10009000,1504479,
North America,United States,Ford Motor Co,Corporate,2013270000,302619949,
North America,United States,Fortune Brands Inc,Corporate,113852000,17113396,
North America,United States,FPL Group Capital Inc,Corporate,130377000,19597312,
North America,United States,Gannett Co Inc,Corporate,105050000,15790344,
North America,United States,General Dynamics Corp,Corporate,132525000,19920184,
North America,United States,General Electric Capital Corp,Corporate,2511068000,377445286,
North America,United States,General Mills,Corporate,144572000,21731000,
North America,United States,General Motors Corp,Corporate,2448305000,368011213,
North America,United States,GE Capital Mortgage Services,Securitized,2901000,436057,
North America,United States,Gillette Co,Corporate,32036000,4815416,
North America,United States,GMAC Commercial Mortgage Securities,Securitized,49327000,7414472,
North America,United States,Golden West Financial Corp,Corporate,48042000,7221320,
North America,United States,Goldman Sachs Group Inc,Corporate,903356000,135785835,
North America,United States,Government National Mortgage,Securitized,1803463000,271083303,
North America,United States,Government of United States of America,Government,9063949000,1362426196,
North America,United States,Granite Mortgages,Securitized,17674000,2656626,
North America,United States,Greenwich Capital Commercial Funding,Corporate,113702000,17090849,
North America,United States,Green Tree Financial Corporation,Corporate,15638000,2350589,
North America,United States,Gs Mortgage Securities Corp.,Securitized,35381000,5318212,
North America,United States,GSRPM Mortgage Loan Trust,Securitized,2730000,410354,
North America,United States,G-Force Cdo Ltd,Securitized,2143000,322120,
North America,United States,Halliburton Co,Corporate,49129000,7384710,
North America,United States,Harley Davidson Inc,Corporate,33393000,5019390,
North America,United States,Harrahs Operating Co Inc,Corporate,66531000,10000451,
North America,United States,Harsco Corp,Corporate,13640000,2050265,
North America,United States,Hartford Financial Services Group,Corporate,35925000,5399982,
North America,United States,Healthcare Realty Trust,Securitized,15385000,2312560,
North America,United States,Health Net Inc,Corporate,43403000,6524020,
North America,United States,Heinz Co,Corporate,164303000,24696819,
North America,United States,Hewlett-Packard Co,Corporate,78536000,11804954,
North America,United States,Holmes Financing Plc,Corporate,19970000,3001744,
North America,United States,Home Equity Asset Trust,Securitized,2870000,431397,
North America,United States,Honeywell International,Corporate,183299000,27552158,
North America,United States,Household Affinity Credit Card Master Note,Securitized,64565000,9704936,
North America,United States,Household Automotive Trust,Securitized,6135000,922168,
North America,United States,Household Credit Card Master Note Trust,Securitized,3992000,600048,
North America,United States,Household Home Equity Loan Trust,Securitized,4352000,654161,
North America,United States,Hubbel Inc,Corporate,37427000,5625752,
North America,United States,IBM Corp,Corporate,173739000,26115170,
North America,United States,Illinois Power Special Purpose Trust,Securitized,10703000,1608796,
North America,United States,Indymac Loan Trust,Securitized,11149000,1675836,
North America,United States,Ingersoll Rand,Corporate,52892000,7950337,
North America,United States,Intelsat,Corporate,53357000,8020232,
North America,United States,International Paper,Corporate,163768000,24616402,
North America,United States,Interstar Millennium Trust,Securitized,9247000,1389941,
North America,United States,Irwin Home Equity,Securitized,2806000,421777,
North America,United States,Johnson Controls Inc,Corporate,34245000,5147457,
North America,United States,Johnson & Johnson,Corporate,79889000,12008327,
North America,United States,John Hancock Global Funds,Corporate,49798000,7485269,
North America,United States,Jones Apparel Group,Corporate,66287000,9963775,
North America,United States,J.P. Morgan Chase Commercial Mortgage Securities Corp,Securitized,48576000,7301587,
North America,United States,J.P. Morgan Commercial Mortgage Finance Corp,Securitized,9898000,1487795,
North America,United States,J.P. Morgan & Co Inc,Corporate,1643750000,247076419,
North America,United States,Kellogg Co,Corporate,85064000,12786195,
North America,United States,Kerr Mcgee Corp,Corporate,127285000,19132546,
North America,United States,Keyspan Corp,Corporate,71412000,10734127,
North America,United States,Key Bank Na,Corporate,145975000,21941889,
North America,United States,Kimberly Clark,Corporate,70521000,10600198,
North America,United States,Kinder Morgan Energy Partners,Corporate,157008000,23600289,
North America,United States,Kraft Foods,Corporate,459865000,69123527,
North America,United States,Kroger,Corporate,239758000,36038660,
North America,United States,K N Energy Inc,Corporate,86221000,12960107,
North America,United States,LB-UBS Commercial Mortgage Trust,Securitized,58236000,8753608,
North America,United States,Lehman Brothers Floating Rate Commercial Mtg Trst,Securitized,25418000,3820647,
North America,United States,Lehman Brothers Holdings,Corporate,592453000,89053181,
North America,United States,Liberty Media Corp,Corporate,148037000,22251834,
North America,United States,Liberty Mutual Insurance,Corporate,11937000,1794282,
North America,United States,Limited Brands Inc,Corporate,74160000,11147186,
North America,United States,Liz Claiborne,Corporate,39371000,5917959,
North America,United States,LNR CDO Ltd.,Securitized,2325000,349477,
North America,United States,Lockheed Martin,Corporate,218466000,32838203,
North America,United States,Long Beach Mortgage Loan Trust,Securitized,34373000,5166697,
North America,United States,Manor Care Inc,Corporate,69437000,10437259,
North America,United States,Marathon Oil Corp,Corporate,155272000,23339346,
North America,United States,"Marriott International, Inc",Corporate,21655000,3255020,
North America,United States,Marriott Vacation Club Owner Trust,Securitized,2700000,405844,
North America,United States,Marsh & Mclennan Cos Inc,Corporate,92274000,13869949,
North America,United States,Masco Corp,Corporate,50214000,7547799,
North America,United States,Massmutual Global Funding,Corporate,57949000,8710468,
North America,United States,Mastr Asset Backed Securities Trust,Securitized,2288000,343915,
North America,United States,Mastr Asset Securitization Trust,Securitized,182388000,27415224,
North America,United States,MBNA America Bank Na,Securitized,162562000,24435125,
North America,United States,MBNA Credit Card Master Note Trust,Securitized,60077000,9030333,
North America,United States,MBNA Master Credit Card Trust,Securitized,76073000,11434734,
North America,United States,Mcdonald’s Corp,Corporate,137390000,20651455,
North America,United States,McKesson Corp,Corporate,15843000,2381403,
North America,United States,Meadwestvaco Corp,Corporate,180017000,27058832,
North America,United States,Medallion Trust,Securitized,6288000,945166,
North America,United States,Mellon Residential Funding Corporation,Corporate,18090000,2719156,
North America,United States,Merck & Co,Corporate,37135000,5581860,
North America,United States,Merit Securities Corporation,Corporate,42746000,6425265,
North America,United States,Merrill Lynch Mortgage Investors,Securitized,26123000,3926617,
North America,United States,Merrill Lynch Mortgage Trust,Securitized,49073000,7376293,
North America,United States,Merrill Lynch & Co Inc,Corporate,869087000,130634770,
North America,United States,Metropolitan Life Insurance Co,Corporate,384611000,57811899,
North America,United States,Midamerican Energy Holdings Co,Corporate,389173000,58497625,
North America,United States,Mid-State Trust,Securitized,1713000,257486,
North America,United States,Miller Brewing Co,Corporate,82786000,12443783,
North America,United States,Mohawk Industries Inc,Corporate,36709000,5517827,
North America,United States,Monumental Global Funding,Corporate,173868000,26134560,
North America,United States,Morgan Stanley Abs Capital I,Securitized,10394000,1562350,
North America,United States,Morgan Stanley Capital I,Securitized,26080000,3920154,
North America,United States,Morgan Stanley Dean Witter,Corporate,933886000,140374880,
North America,United States,Morgan Stanley Dean Witter Capital I,Securitized,82217000,12358255,
North America,United States,"Mortgage Capital Funding, Inc.",Securitized,10148000,1525373,
North America,United States,Motorola Inc,Corporate,87941000,13218645,
North America,United States,Msdwcc Heloc Trust,Securitized,11537000,1734157,
North America,United States,Murphy Oil Corporation,Corporate,36955000,5554804,
North America,United States,National City Bank,Corporate,128896000,19374699,
North America,United States,National City Credit Card Master Trust,Securitized,66638000,10016534,
North America,United States,National Rural Utilities Co,Corporate,233500000,35098004,
North America,United States,Navigator Cdo Ltd,Corporate,2136000,321068,
North America,United States,Navistar Financial Corp Owner Trust,Securitized,4462000,670695,
North America,United States,Nelnet Student Loan Trust,Securitized,27309000,4104888,
North America,United States,"Newcastle Cdo, Limited",Securitized,1051000,157979,
North America,United States,News Am Holdings,Corporate,79017000,11877255,
North America,United States,New Century Home Equity Loan Trust,Securitized,12573000,1889881,
North America,United States,New Century Mortgage Corporation Nim,Securitized,1124000,168951,
North America,United States,New York Life Insurance,Corporate,33340000,5011424,
North America,United States,Nike Inc,Corporate,21854000,3284933,
North America,United States,Nisource Finance Corp,Corporate,104367000,15687680,
North America,United States,Nissan Auto Lease Trust,Securitized,9261000,1392045,
North America,United States,Nissan Master Owner Trust Receivables,Securitized,51094000,7680075,
North America,United States,Nomura Asset Securities Corp,Corporate,14305000,2150222,
North America,United States,Nordstrom Inc,Corporate,73810000,11094577,
North America,United States,Norfolk Southern Corp,Corporate,133179000,20018488,
North America,United States,Northrop Grumman,Corporate,202915000,30500691,
North America,United States,Novastar Caps Trust,Securitized,221000,33219,
North America,United States,Novastar Nim Trust,Securitized,1783000,268007,
North America,United States,"Npf Xii, Inc.",Corporate,2000,301,
North America,United States,Nucor Corp,Corporate,50192000,7544493,
North America,United States,Oakwood Mortgage Investors Inc,Securitized,18011000,2707281,
North America,United States,Occidental Petroleum,Corporate,137125000,20611622,
North America,United States,Oneok Inc,Corporate,14570000,2190055,
North America,United States,Option One Mortgage Loan Trust,Securitized,39324000,5910895,
North America,United States,Option One Mortgage Securities Corp,Securitized,24296000,3651996,
North America,United States,Oregon St,Government Related,20945000,3148298,
North America,United States,Pacificorp,Corporate,34529000,5190146,
North America,United States,Pactiv Corp,Corporate,68137000,10241853,
North America,United States,Pepco Holdings Inc,Corporate,75214000,11305616,
North America,United States,Pepsi Co Inc,Corporate,173298000,26048882,
North America,United States,Permanent Financing Plc,Corporate,71989000,10820857,
North America,United States,Pfizer Inc,Corporate,263108000,39548461,
North America,United States,Philip Morris,Corporate,72388000,10880832,
North America,United States,Pinnacle West Cap Corp,Corporate,93664000,14078884,
North America,United States,PNC Bank,Corporate,52921000,7954696,
North America,United States,Polo Ralph Lauren,Corporate,104694000,15736833,
North America,United States,Popular Na Inc,Corporate,46840000,7040645,
North America,United States,PPG Industries,Corporate,50814000,7637987,
North America,United States,PPL Corp,Corporate/Securitized,63434000,9534933,
North America,United States,Praxair Inc,Corporate,35803000,5381644,
North America,United States,Procter & Gamble Co,Corporate,257701000,38735720,
North America,United States,Progressive Corp,Corporate,34201000,5140843,
North America,United States,Progress Energy Inc,Corporate,399225000,60008568,
North America,United States,Protective Life Corp,Corporate,177150000,26627886,
North America,United States,Prudential Financial Inc,Corporate,227018000,34123677,
North America,United States,Public Service Company of New Mexico,Corporate,27199000,4088354,
North America,United States,Public Service Enterprise,Corporate,273457000,41104046,
North America,United States,Public Service New Hamshire Funding Llc,Corporate,9309000,1399260,
North America,United States,Pulte Homes Inc,Corporate,60749000,9131343,
North America,United States,Quebecor World Inc,Corporate,33986000,5108526,
North America,United States,Raytheon Co,Corporate,267179000,40160384,
North America,United States,Reed Elsevier Capital Plc,Corporate,176373000,26511093,
North America,United States,Regions Financial Corp,Corporate,47164000,7089346,
North America,United States,Residential Asset Mortgage Products,Securitized,51494000,7740200,
North America,United States,Residential Asset Securities Corp,Securitized,27569000,4143969,
North America,United States,Residential Asset Securitization Trust,Securitized,2577000,387356,
North America,United States,Residential Funding Mortgage Securities,Securitized,164522000,24729738,
North America,United States,Residential Funding Securities Corp,Corporate,4932000,741342,
North America,United States,Resi Finance Limited Partnership,Corporate,86193000,12955898,
North America,United States,Rj Reynolds Tobacco Holdings Inc,Corporate,18851000,2833544,
North America,United States,Rohm & Haas Co,Corporate,130978000,19687650,
North America,United States,Rouse Company,Corporate,33013000,4962272,
North America,United States,Sabre Holdings,Corporate,11473000,1724537,
North America,United States,Safeco Corp,Corporate,68969000,10366913,
North America,United States,Safeway Stores Inc,Corporate,187710000,28215188,
North America,United States,Sail Net Interest Margin Notes,Securitized,6391000,960648,
North America,United States,Salomon Brothers Mortgage Securities,Securitized,90324000,13576840,
North America,United States,Sara Lee Corp,Corporate,195735000,29421447,
North America,United States,Sasco Arc Net Interest Margin Notes,Corporate,861000,129419,
North America,United States,Saxon Asset Securities Trust,Securitized,61707000,9275343,
North America,United States,Sbc Communications Inc,Corporate,208532000,31344998,
North America,United States,Scana Corp Mtn Be,Corporate,72345000,10874369,
North America,United States,Schering Plough Corp,Corporate,13962000,2098665,
North America,United States,Scholastic Corporation,Corporate,9246000,1389791,
North America,United States,Science Applications Int,Corporate,15751000,2367575,
North America,United States,Seacor Smit Inc,Corporate,69629000,10466120,
North America,United States,Sealed Air Corp,Corporate,85977000,12923431,
North America,United States,Sempra Energy,Corporate,33001000,4960468,
North America,United States,Simon Property Group Lp,Corporate,83475000,12547348,
North America,United States,Slm Corp,Corporate,908679000,136585949,
North America,United States,Slm Student Loan Trust,Securitized,56677000,8519270,
North America,United States,Southern Union Co,Corporate,2588000,389009,
North America,United States,Specialty Underwriting & Residential,Corporate,5055000,759830,
North America,United States,Sprint Capital Corp,Corporate,581558000,87415524,
North America,United States,Staples Inc,Corporate,15530000,2334355,
North America,United States,State Street Bank & Trst,Corporate,33822000,5083874,
North America,United States,Strategic Hotel Capital Inc,Corporate,19669000,2956500,
North America,United States,Structured Asset Investment Loan Trust,Securitized,12871000,1934674,
North America,United States,Structured Asset Securities Corp,Securitized,90761000,13642526,
North America,United States,St Paul Companies Inc,Corporate,36280000,5453343,
North America,United States,"Suntrust Banks, Inc",Corporate,62373000,9375451,
North America,United States,Sun Microsystems Inc,Corporate,38695000,5816348,
North America,United States,Superior Wholesale Inventory Financing Trust,Corporate,44945000,6755802,
North America,United States,Supervalu Inc,Corporate,21183000,3184073,
North America,United States,System Energy Resources,Corporate,34593000,5199766,
North America,United States,Target Corp,Corporate,165277000,24843224,
North America,United States,Teco Energy Inc,Corporate,34410000,5172258,
North America,United States,Tennessee Valley Authority,Government Related,352620000,53003247,
North America,United States,Textron Inc,Corporate,36288000,5454545,
North America,United States,The Money Store Home Equity Trust,Corporate,35174000,5287097,
North America,United States,Time Warner Inc,Corporate,934787000,140510311,
North America,United States,TIAA Commercial Real Estate Securities,Corporate,16195000,2434313,
North America,United States,TIAA Global Markets,Corporate,34371000,5166396,
North America,United States,Toyota Auto Receivables Owner,Corporate,59998000,9018458,
North America,United States,Toys R Us,Corporate,20291000,3049994,
North America,United States,Triad Auto Receivables Owner Trust,Securitized,7315000,1099537,
North America,United States,Tribune Co,Corporate,27654000,4156746,
North America,United States,Trizechahn Office Properties Trust,Securitized,1030000,154822,
North America,United States,TXU Corp,Corporate,7087000,1065266,
North America,United States,Tyson Foods Inc,Corporate,115817000,17408760,
North America,United States,Unionbancal Corporation,Corporate,33752000,5073353,
North America,United States,Union Oil of California,Corporate,35362000,5315356,
North America,United States,Union Pacific Corp,Corporate,179984000,27053872,
North America,United States,Union Planters,Corporate,59295000,8912789,
North America,United States,Unitedhealth Group Inc,Corporate,100376000,15087783,
North America,United States,United Parcel Service Inc,Corporate,37882000,5694144,
North America,United States,United Technologies,Corporate,259727000,39040254,
North America,United States,Unitrin Inc,Corporate,20143000,3027748,
North America,United States,Univision Comm Inc,Corporate,10140000,1524170,
North America,United States,Unumprovident Corp,Corporate,72258000,10861291,
North America,United States,US Bancorp,Corporate,430111000,64651124,
North America,United States,US Cellular Corp,Corporate,26853000,4036346,
North America,United States,Valero Energy Corp,Corporate,120287000,18080658,
North America,United States,Vanderbilt Mortgage Finance,Securitized,16346000,2457011,
North America,United States,Verizon Communications Inc,Corporate,1165477000,175185937,
North America,United States,Viacom International Inc,Corporate,251479000,37800475,
North America,United States,Volkswagen Credit Auto Master Trust,Securitized,26491000,3981932,
North America,United States,Vornado Realty,Corporate,35382000,5318362,
North America,United States,Wachovia Ban Commercial Mortgage Trust,Securitized,33870000,5091089,
North America,United States,Wachovia Corp,Corporate,467688000,70299423,
North America,United States,Wachovia Credit Card Master Trust,Securitized,69870000,10502345,
North America,United States,Walt Disney Co,Corporate,331950000,49896284,
North America,United States,Wal-Mart Stores Inc,Corporate,398702000,59929954,
North America,United States,Washington Mutual,Securitized,87210000,13108766,
North America,United States,Washington Mutual Inc,Corporate,384612000,57812049,
North America,United States,Washington Mutual Msc Mortgage,Securitized,68190000,10249820,
North America,United States,Wellpoint Health Network,Corporate,18777000,2822421,
North America,United States,Wells Fargo Mortgage Backed Securities Trust,Securitized,267239000,40169402,
North America,United States,Wells Fargo Student Loan Trust,Securitized,2390000,359247,
North America,United States,Wells Fargo & Co,Corporate,510142000,76680796,
North America,United States,Wendy’s International,Corporate,14384000,2162097,
North America,United States,Weyerhaeuser Co,Corporate,291704000,43846801,
North America,United States,White Mountains Insurance Group Ltd,Corporate,51028000,7670154,
North America,United States,William Street Funding Corporation,Securitized,17123000,2573804,
North America,United States,Wisconsin Energy Corp,Corporate,109074000,16395202,
North America,United States,World Financial Network Credit Card,Securitized,33275000,5001653,
North America,United States,Wyeth,Corporate,233818000,35145803,
North America,United States,Zurich Finance (Usa) Inc,Corporate,44903000,6749489,
